,date,quarter,day,department,team_number,team_workers,allocated_task_time,unfinished_items,over_time,incentive,style_changes,interruption_time,interruption_people,productivity_target,productivity_actual,productivity_difference
0,1/1/2015,Q1,Thursday,sewing,8,59.0,26.16,1108.0,7080,98,0,0.0,0,0.8,0.940725424,0.140725424
1,1/1/2015,Q1,Thursday,finishing ,1,8.0,3.94,,960,0,0,0.0,0,0.75,0.8865,0.13649999999999995
2,1/1/2015,Q1,Thursday,sewing,11,30.5,11.41,968.0,3660,50,0,0.0,0,0.8,0.800570492,0.0005704919999999225
3,1/1/2015,Q1,Thursday,sewing,12,30.5,11.41,968.0,3660,50,0,0.0,0,0.8,0.800570492,0.0005704919999999225
4,1/1/2015,Q1,Thursday,sewing,6,56.0,25.9,1170.0,1920,50,0,0.0,0,0.8,0.800381944,0.0003819439999999119
5,1/1/2015,Q1,Thursday,sewing,7,56.0,25.9,984.0,6720,38,0,0.0,0,0.8,0.800125,0.00012499999999993072
6,1/1/2015,Q1,Thursday,finishing ,2,8.0,3.94,,960,0,0,0.0,0,0.75,0.755166667,0.005166667000000014
7,1/1/2015,Q1,Thursday,sewing,3,57.5,28.08,795.0,6900,45,0,0.0,0,0.75,0.753683478,0.003683478000000018
8,1/1/2015,Q1,Thursday,sewing,2,55.0,19.87,733.0,6000,34,0,0.0,0,0.75,0.753097531,0.0030975309999999867
9,1/1/2015,Q1,Thursday,sewing,1,57.5,28.08,681.0,6900,45,0,0.0,0,0.75,0.750427826,0.00042782600000002
10,1/1/2015,Q1,Thursday,sewing,9,57.5,28.08,872.0,6900,44,0,0.0,0,0.7,0.721126957,0.021126957000000002
11,1/1/2015,Q1,Thursday,sewing,10,54.0,19.31,578.0,6480,45,0,0.0,0,0.75,0.712205247,-0.037794753000000014
12,1/1/2015,Q1,Thursday,sewing,5,30.5,11.41,668.0,3660,50,0,0.0,0,0.8,0.707045902,-0.0929540980000001
13,1/1/2015,Q1,Thursday,finishing ,10,8.0,3.94,,960,0,0,0.0,0,0.65,0.705916667,0.055916666999999975
14,1/1/2015,Q1,Thursday,finishing ,8,8.0,2.9,,960,0,0,0.0,0,0.75,0.676666667,-0.073333333
15,1/1/2015,Q1,Thursday,finishing ,4,18.0,3.94,,2160,0,0,0.0,0,0.75,0.593055556,-0.15694444399999996
16,1/1/2015,Q1,Thursday,finishing ,7,8.0,2.9,,960,0,0,0.0,0,0.8,0.540729167,-0.2592708330000001
17,1/1/2015,Q1,Thursday,sewing,4,60.0,23.69,861.0,7200,0,0,0.0,0,0.65,0.52118,-0.12882000000000005
18,1/1/2015,Q1,Thursday,finishing,11,12.0,4.15,,1440,0,0,0.0,0,0.7,0.436326389,-0.263673611
19,1/3/2015,Q1,Saturday,finishing ,4,20.0,4.15,,6600,0,0,0.0,0,0.8,0.988024691,0.18802469099999997
20,1/3/2015,Q1,Saturday,finishing ,11,17.0,2.9,,5640,0,0,0.0,0,0.75,0.987880435,0.237880435
21,1/3/2015,Q1,Saturday,finishing ,9,8.0,4.15,,960,0,0,0.0,0,0.8,0.956270833,0.156270833
22,1/3/2015,Q1,Saturday,finishing ,3,8.0,3.94,,1560,0,0,0.0,0,0.75,0.945277778,0.195277778
23,1/3/2015,Q1,Saturday,finishing ,1,8.0,3.94,,960,0,0,0.0,0,0.8,0.902916667,0.1029166669999999
24,1/3/2015,Q1,Saturday,sewing,1,56.5,28.08,772.0,6300,50,0,0.0,0,0.8,0.800725314,0.0007253139999999769
25,1/3/2015,Q1,Saturday,sewing,3,54.5,28.08,913.0,6540,50,0,0.0,0,0.8,0.800322936,0.0003229359999999959
26,1/3/2015,Q1,Saturday,sewing,8,59.0,26.16,1261.0,7080,50,0,0.0,0,0.8,0.800318644,0.00031864399999992354
27,1/3/2015,Q1,Saturday,sewing,12,59.0,26.16,844.0,7080,63,0,0.0,0,0.8,0.800318644,0.00031864399999992354
28,1/3/2015,Q1,Saturday,sewing,11,29.5,11.61,1005.0,7080,50,0,0.0,0,0.8,0.800237288,0.00023728800000000216
29,1/3/2015,Q1,Saturday,sewing,5,31.5,11.61,659.0,7080,50,0,0.0,0,0.8,0.800148649,0.0001486490000000007
30,1/3/2015,Q1,Saturday,sewing,6,56.0,25.9,1152.0,6720,50,0,0.0,0,0.8,0.800125,0.00012499999999993072
31,1/3/2015,Q1,Saturday,sewing,7,56.0,25.9,1138.0,6720,38,0,0.0,0,0.8,0.800125,0.00012499999999993072
32,1/3/2015,Q1,Saturday,sewing,10,54.0,19.31,610.0,6480,56,0,0.0,0,0.75,0.787299691,0.03729969099999997
33,1/3/2015,Q1,Saturday,finishing ,2,8.0,4.15,,960,0,0,0.0,0,0.8,0.782447917,-0.017552082999999996
34,1/3/2015,Q1,Saturday,sewing,2,55.0,19.87,944.0,6600,45,0,0.0,0,0.75,0.75024303,0.00024303000000003294
35,1/3/2015,Q1,Saturday,finishing ,10,8.0,4.15,,960,0,0,0.0,0,0.7,0.7018125,0.0018124999999999947
36,1/3/2015,Q1,Saturday,sewing,4,60.0,23.69,544.0,13800,0,0,0.0,0,0.7,0.700134038,0.000134038000000003
37,1/3/2015,Q1,Saturday,sewing,9,57.5,28.08,1072.0,6900,40,0,0.0,0,0.7,0.699965217,-3.478299999992718e-05
38,1/3/2015,Q1,Saturday,finishing ,8,8.0,2.9,,960,0,0,0.0,0,0.8,0.628333333,-0.171666667
39,1/3/2015,Q1,Saturday,finishing ,7,8.0,3.94,,960,0,0,0.0,0,0.8,0.6253125,-0.1746875
40,1/4/2015,Q1,Sunday,finishing ,3,8.0,4.15,,1560,0,0,0.0,0,0.75,0.991388889,0.241388889
41,1/4/2015,Q1,Sunday,finishing ,9,8.0,3.94,,960,0,0,0.0,0,0.8,0.931645833,0.131645833
42,1/4/2015,Q1,Sunday,finishing ,1,8.0,3.94,,960,0,0,0.0,0,0.8,0.915229167,0.11522916699999997
43,1/4/2015,Q1,Sunday,sewing,6,31.0,11.61,539.0,6975,50,0,0.0,0,0.8,0.879714482,0.07971448199999998
44,1/4/2015,Q1,Sunday,finishing ,4,20.0,3.94,,6600,0,0,0.0,0,0.8,0.861679012,0.06167901199999992
45,1/4/2015,Q1,Sunday,sewing,9,59.0,26.16,1278.0,7080,60,0,0.0,0,0.8,0.850569492,0.05056949199999994
46,1/4/2015,Q1,Sunday,sewing,7,56.5,25.9,1227.0,7020,60,0,0.0,0,0.8,0.850436438,0.05043643799999997
47,1/4/2015,Q1,Sunday,sewing,8,56.5,25.9,1039.0,6780,45,0,0.0,0,0.8,0.850345133,0.050345132999999986
48,1/4/2015,Q1,Sunday,sewing,4,55.5,28.08,878.0,4260,50,0,0.0,0,0.8,0.800598058,0.0005980579999999014
49,1/4/2015,Q1,Sunday,sewing,1,59.0,26.16,1033.0,7080,63,0,0.0,0,0.8,0.800318644,0.00031864399999992354
50,1/4/2015,Q1,Sunday,sewing,2,55.5,28.08,782.0,6660,50,0,0.0,0,0.8,0.800237838,0.00023783799999999022
51,1/4/2015,Q1,Sunday,sewing,12,31.0,11.61,1216.0,6975,50,0,0.0,0,0.8,0.800030199,3.0199000000008525e-05
52,1/4/2015,Q1,Sunday,finishing ,2,8.0,3.94,,960,0,0,0.0,0,0.8,0.792104167,-0.007895833000000074
53,1/4/2015,Q1,Sunday,finishing ,10,18.0,3.94,,4320,0,0,0.0,0,0.7,0.759228395,0.05922839499999999
54,1/4/2015,Q1,Sunday,sewing,11,54.0,19.31,513.0,6480,45,0,0.0,0,0.75,0.750348457,0.0003484569999999687
55,1/4/2015,Q1,Sunday,sewing,3,55.0,19.87,734.0,6600,45,0,0.0,0,0.75,0.75024303,0.00024303000000003294
56,1/4/2015,Q1,Sunday,sewing,10,57.5,28.08,1202.0,6900,40,0,0.0,0,0.7,0.699965217,-3.478299999992718e-05
57,1/4/2015,Q1,Sunday,finishing ,8,8.0,2.9,,960,0,0,0.0,0,0.8,0.682708333,-0.11729166700000004
58,1/4/2015,Q1,Sunday,finishing ,7,8.0,2.9,,960,0,0,0.0,0,0.8,0.667604167,-0.13239583300000002
59,1/4/2015,Q1,Sunday,sewing,5,58.0,45.67,884.0,6960,26,0,0.0,0,0.7,0.603432184,-0.09656781599999997
60,1/4/2015,Q1,Sunday,finishing ,11,8.0,4.15,,960,0,0,0.0,0,0.75,0.345833333,-0.404166667
61,1/5/2015,Q1,Monday,finishing ,1,8.0,3.94,,1920,0,0,0.0,0,0.8,0.961059028,0.16105902799999994
62,1/5/2015,Q1,Monday,finishing ,11,10.0,3.94,,2400,0,0,0.0,0,0.8,0.939513889,0.13951388899999995
63,1/5/2015,Q1,Monday,finishing ,4,16.0,3.94,,3840,0,0,0.0,0,0.8,0.893663194,0.093663194
64,1/5/2015,Q1,Monday,finishing ,3,8.0,4.15,,1920,0,0,0.0,0,0.75,0.875390625,0.12539062499999998
65,1/5/2015,Q1,Monday,sewing,9,59.0,26.16,1227.0,7080,75,0,0.0,0,0.8,0.850569492,0.05056949199999994
66,1/5/2015,Q1,Monday,finishing ,9,8.0,2.9,,1920,0,0,0.0,0,0.8,0.820833333,0.02083333300000001
67,1/5/2015,Q1,Monday,finishing ,2,8.0,3.94,,960,0,0,0.0,0,0.8,0.804416667,0.004416666999999985
68,1/5/2015,Q1,Monday,sewing,7,56.5,25.9,1255.0,6780,50,0,0.0,0,0.8,0.800684366,0.0006843659999999918
69,1/5/2015,Q1,Monday,sewing,8,56.5,25.9,1047.0,6780,38,0,0.0,0,0.8,0.800684366,0.0006843659999999918
70,1/5/2015,Q1,Monday,sewing,1,59.0,26.16,1138.0,7080,63,0,0.0,0,0.8,0.800318644,0.00031864399999992354
71,1/5/2015,Q1,Monday,sewing,11,55.0,19.31,678.0,4800,50,0,0.0,0,0.8,0.800250962,0.0002509619999999657
72,1/5/2015,Q1,Monday,sewing,6,32.0,11.61,712.0,7200,50,0,0.0,0,0.8,0.800246011,0.00024601099999999043
73,1/5/2015,Q1,Monday,sewing,12,32.0,11.61,1037.0,7200,50,0,0.0,0,0.8,0.800246011,0.00024601099999999043
74,1/5/2015,Q1,Monday,sewing,2,57.5,28.08,757.0,6900,50,0,0.0,0,0.8,0.800076522,7.652199999996778e-05
75,1/5/2015,Q1,Monday,sewing,4,57.5,28.08,759.0,6900,50,0,0.0,0,0.8,0.800076522,7.652199999996778e-05
76,1/5/2015,Q1,Monday,finishing ,10,8.0,2.9,,960,0,0,0.0,0,0.75,0.763375,0.013375000000000026
77,1/5/2015,Q1,Monday,finishing ,5,8.0,2.9,,960,0,0,0.0,0,0.6,0.759270833,0.159270833
78,1/5/2015,Q1,Monday,sewing,10,58.5,28.08,1083.0,7020,45,0,0.0,0,0.75,0.7504,0.00039999999999995595
79,1/5/2015,Q1,Monday,sewing,3,55.0,19.87,944.0,6600,45,0,0.0,0,0.75,0.75024303,0.00024303000000003294
80,1/5/2015,Q1,Monday,finishing ,7,8.0,3.94,,960,0,0,0.0,0,0.8,0.676666667,-0.12333333300000004
81,1/5/2015,Q1,Monday,finishing ,8,8.0,2.9,,960,0,0,0.0,0,0.8,0.664583333,-0.135416667
82,1/5/2015,Q1,Monday,sewing,5,58.0,21.98,666.0,6960,23,0,0.0,0,0.6,0.600028736,2.873599999997367e-05
83,1/6/2015,Q1,Tuesday,finishing ,4,18.0,3.94,,4440,0,0,0.0,0,0.8,0.966781346,0.16678134599999994
84,1/6/2015,Q1,Tuesday,finishing ,1,8.0,3.94,,1440,0,0,0.0,0,0.8,0.936496212,0.13649621199999995
85,1/6/2015,Q1,Tuesday,finishing ,3,10.0,4.15,,1800,0,0,0.0,0,0.75,0.899166667,0.14916666700000003
86,1/6/2015,Q1,Tuesday,finishing ,11,15.0,4.15,,2700,0,0,0.0,0,0.8,0.888686869,0.088686869
87,1/6/2015,Q1,Tuesday,finishing ,9,8.0,3.94,,1440,0,0,0.0,0,0.8,0.858143939,0.05814393899999992
88,1/6/2015,Q1,Tuesday,sewing,1,59.0,26.16,1187.0,10620,75,0,0.0,0,0.8,0.850502311,0.05050231099999991
89,1/6/2015,Q1,Tuesday,sewing,9,59.0,26.16,1305.0,10620,75,0,0.0,0,0.8,0.850502311,0.05050231099999991
90,1/6/2015,Q1,Tuesday,finishing ,10,8.0,3.94,,1440,0,0,0.0,0,0.75,0.809640152,0.059640151999999946
91,1/6/2015,Q1,Tuesday,finishing ,2,8.0,3.94,,1440,0,0,0.0,0,0.8,0.805909091,0.005909090999999922
92,1/6/2015,Q1,Tuesday,sewing,2,57.5,28.08,716.0,10350,50,0,0.0,0,0.8,0.800594466,0.0005944659999999047
93,1/6/2015,Q1,Tuesday,sewing,4,57.5,28.08,925.0,10350,50,0,0.0,0,0.8,0.800594466,0.0005944659999999047
94,1/6/2015,Q1,Tuesday,sewing,3,55.0,19.87,963.0,9900,50,0,0.0,0,0.8,0.800273829,0.0002738289999999477
95,1/6/2015,Q1,Tuesday,sewing,12,31.5,11.61,1101.0,5310,50,0,0.0,0,0.8,0.800140969,0.00014096899999993528
96,1/6/2015,Q1,Tuesday,sewing,7,56.5,25.9,1035.0,10170,38,0,0.0,0,0.8,0.800128721,0.0001287209999999428
97,1/6/2015,Q1,Tuesday,sewing,8,56.5,25.9,1083.0,10170,38,0,0.0,0,0.8,0.800128721,0.0001287209999999428
98,1/6/2015,Q1,Tuesday,sewing,6,31.5,11.61,910.0,4470,38,0,0.0,0,0.8,0.80007657,7.656999999994252e-05
99,1/6/2015,Q1,Tuesday,sewing,10,58.5,28.08,1209.0,10530,45,0,0.0,0,0.75,0.750545455,0.000545455000000028
100,1/6/2015,Q1,Tuesday,sewing,11,55.0,19.31,590.0,9900,45,0,0.0,0,0.75,0.750057851,5.7850999999997654e-05
101,1/6/2015,Q1,Tuesday,finishing ,8,8.0,2.9,,1440,0,0,0.0,0,0.8,0.681060606,-0.11893939400000009
102,1/6/2015,Q1,Tuesday,sewing,5,58.0,21.98,808.0,10440,35,0,0.0,0,0.65,0.649983281,-1.6718999999998374e-05
103,1/6/2015,Q1,Tuesday,finishing ,7,8.0,2.9,,1440,0,0,0.0,0,0.8,0.61625,-0.18375000000000008
104,1/7/2015,Q1,Wednesday,finishing ,1,8.0,3.94,,1440,0,0,0.0,0,0.8,0.951420455,0.151420455
105,1/7/2015,Q1,Wednesday,finishing ,9,8.0,3.94,,1440,0,0,0.0,0,0.8,0.880530303,0.08053030299999997
106,1/7/2015,Q1,Wednesday,sewing,1,59.0,26.16,1179.0,10620,75,0,0.0,0,0.8,0.850502311,0.05050231099999991
107,1/7/2015,Q1,Wednesday,sewing,9,59.0,26.16,1324.0,10620,75,0,0.0,0,0.8,0.850502311,0.05050231099999991
108,1/7/2015,Q1,Wednesday,sewing,8,56.5,25.9,1135.0,10170,60,0,0.0,0,0.8,0.850136766,0.050136765999999944
109,1/7/2015,Q1,Wednesday,finishing ,3,15.0,4.15,,2700,0,0,0.0,0,0.75,0.83,0.07999999999999996
110,1/7/2015,Q1,Wednesday,finishing ,4,18.0,3.94,,4440,0,0,0.0,0,0.8,0.827186544,0.02718654399999998
111,1/7/2015,Q1,Wednesday,finishing ,2,8.0,3.94,,1440,0,0,0.0,0,0.8,0.813371212,0.01337121199999991
112,1/7/2015,Q1,Wednesday,finishing ,10,8.0,3.94,,1440,0,0,0.0,0,0.75,0.805909091,0.055909090999999966
113,1/7/2015,Q1,Wednesday,finishing ,7,8.0,2.9,,1440,0,0,0.0,0,0.8,0.804640152,0.0046401520000000085
114,1/7/2015,Q1,Wednesday,sewing,2,57.5,28.08,776.0,10350,63,0,0.0,0,0.8,0.800594466,0.0005944659999999047
115,1/7/2015,Q1,Wednesday,sewing,4,57.5,28.08,990.0,10350,50,0,0.0,0,0.8,0.800594466,0.0005944659999999047
116,1/7/2015,Q1,Wednesday,sewing,6,30.5,11.41,986.0,5490,50,0,0.0,0,0.8,0.800343766,0.0003437659999999676
117,1/7/2015,Q1,Wednesday,sewing,3,55.0,19.87,924.0,9900,50,0,0.0,0,0.8,0.800273829,0.0002738289999999477
118,1/7/2015,Q1,Wednesday,sewing,12,31.5,11.61,1120.0,5670,50,0,0.0,0,0.8,0.800246753,0.00024675299999998845
119,1/7/2015,Q1,Wednesday,sewing,7,56.5,25.9,1066.0,10170,50,0,0.0,0,0.8,0.800128721,0.0001287209999999428
120,1/7/2015,Q1,Wednesday,sewing,10,58.5,28.08,1144.0,10530,69,0,0.0,0,0.75,0.8,0.050000000000000044
121,1/7/2015,Q1,Wednesday,sewing,5,58.0,21.98,413.0,9720,40,0,0.0,0,0.7,0.700480831,0.0004808310000000704
122,1/7/2015,Q1,Wednesday,finishing ,8,8.0,2.9,,1440,0,0,0.0,0,0.8,0.681060606,-0.11893939400000009
123,1/7/2015,Q1,Wednesday,finishing ,6,10.0,2.9,,1800,0,0,0.0,0,0.8,0.666515152,-0.13348484800000004
124,1/7/2015,Q1,Wednesday,sewing,11,55.0,31.83,568.0,9900,40,0,0.0,0,0.8,0.412119835,-0.38788016500000005
125,1/7/2015,Q1,Wednesday,finishing ,5,8.0,4.15,,1440,0,0,0.0,0,0.7,0.330113636,-0.36988636399999997
126,1/8/2015,Q2,Thursday,finishing ,1,8.0,3.94,,1440,0,0,0.0,0,0.8,0.947689394,0.14768939399999992
127,1/8/2015,Q2,Thursday,finishing ,4,20.0,3.94,,12600,0,0,0.0,0,0.8,0.919905405,0.11990540499999991
128,1/8/2015,Q2,Thursday,sewing,9,59.0,26.16,1216.0,10620,88,0,0.0,0,0.8,0.900215716,0.10021571600000001
129,1/8/2015,Q2,Thursday,finishing ,9,8.0,3.94,,1440,0,0,0.0,0,0.8,0.891723485,0.09172348499999994
130,1/8/2015,Q2,Thursday,sewing,1,59.0,26.16,1189.0,10620,75,0,0.0,0,0.8,0.850502311,0.05050231099999991
131,1/8/2015,Q2,Thursday,sewing,4,58.5,28.08,942.0,10530,75,0,0.0,0,0.8,0.850181818,0.05018181799999999
132,1/8/2015,Q2,Thursday,sewing,7,56.5,25.9,1050.0,10170,60,0,0.0,0,0.8,0.850136766,0.050136765999999944
133,1/8/2015,Q2,Thursday,sewing,8,56.5,25.9,1026.0,10170,60,0,0.0,0,0.8,0.850136766,0.050136765999999944
134,1/8/2015,Q2,Thursday,finishing ,2,8.0,3.94,,1440,0,0,0.0,0,0.8,0.835757576,0.03575757599999996
135,1/8/2015,Q2,Thursday,finishing ,5,8.0,4.15,,3840,0,0,0.0,0,0.7,0.821354167,0.12135416700000001
136,1/8/2015,Q2,Thursday,sewing,2,58.5,28.08,783.0,10050,63,0,0.0,0,0.8,0.800497246,0.0004972460000000067
137,1/8/2015,Q2,Thursday,sewing,3,55.0,19.87,857.0,9900,50,0,0.0,0,0.8,0.800273829,0.0002738289999999477
138,1/8/2015,Q2,Thursday,sewing,12,31.5,11.61,548.0,15120,63,0,0.0,0,0.8,0.800107143,0.00010714299999992072
139,1/8/2015,Q2,Thursday,sewing,6,30.5,11.41,411.0,14640,50,0,0.0,0,0.8,0.800024932,2.4931999999977528e-05
140,1/8/2015,Q2,Thursday,sewing,10,58.5,28.08,1066.0,10530,69,0,0.0,0,0.75,0.8,0.050000000000000044
141,1/8/2015,Q2,Thursday,finishing ,10,8.0,3.94,,1440,0,0,0.0,0,0.75,0.779791667,0.02979166700000002
142,1/8/2015,Q2,Thursday,finishing ,8,8.0,2.9,,1440,0,0,0.0,0,0.8,0.735984848,-0.06401515200000008
143,1/8/2015,Q2,Thursday,finishing ,3,12.0,4.15,,2160,0,0,0.0,0,0.75,0.712626263,-0.03737373700000002
144,1/8/2015,Q2,Thursday,finishing ,7,8.0,2.9,,1440,0,0,0.0,0,0.8,0.681060606,-0.11893939400000009
145,1/8/2015,Q2,Thursday,finishing ,11,5.0,4.15,,900,0,0,0.0,0,0.8,0.515606061,-0.2843939390000001
146,1/8/2015,Q2,Thursday,sewing,11,54.0,12.52,287.0,25920,38,0,0.0,0,0.35,0.349951389,-4.86109999999762e-05
147,1/8/2015,Q2,Thursday,sewing,5,57.0,42.41,724.0,10260,0,0,0.0,0,0.7,0.233705476,-0.46629452399999993
148,1/10/2015,Q2,Saturday,finishing ,1,8.0,3.94,,2160,0,0,0.0,0,0.8,0.985,0.18499999999999994
149,1/10/2015,Q2,Saturday,finishing ,3,12.0,4.15,,2760,0,0,0.0,0,0.75,0.930340376,0.18034037599999997
150,1/10/2015,Q2,Saturday,finishing ,4,20.0,3.94,,6000,0,0,0.0,0,0.8,0.911589744,0.11158974399999999
151,1/10/2015,Q2,Saturday,finishing ,9,8.0,3.94,,1440,0,0,0.0,0,0.8,0.858143939,0.05814393899999992
152,1/10/2015,Q2,Saturday,sewing,9,59.0,26.16,1122.0,10620,75,0,0.0,0,0.8,0.851174114,0.05117411399999994
153,1/10/2015,Q2,Saturday,sewing,7,56.5,25.9,970.0,10170,60,0,0.0,0,0.8,0.850136766,0.050136765999999944
154,1/10/2015,Q2,Saturday,sewing,8,56.5,25.9,1158.0,10170,60,0,0.0,0,0.8,0.850136766,0.050136765999999944
155,1/10/2015,Q2,Saturday,finishing ,10,8.0,3.94,,1440,0,0,0.0,0,0.8,0.846950758,0.046950757999999926
156,1/10/2015,Q2,Saturday,finishing ,11,8.0,4.15,,1440,0,0,0.0,0,0.8,0.817424242,0.017424241999999923
157,1/10/2015,Q2,Saturday,finishing ,2,8.0,3.94,,1440,0,0,0.0,0,0.8,0.817102273,0.017102273
158,1/10/2015,Q2,Saturday,sewing,4,58.0,28.08,660.0,10440,63,0,0.0,0,0.8,0.801028213,0.001028213
159,1/10/2015,Q2,Saturday,sewing,2,57.5,28.08,749.0,10350,63,0,0.0,0,0.8,0.800594466,0.0005944659999999047
160,1/10/2015,Q2,Saturday,sewing,12,31.5,11.61,893.0,4710,50,0,0.0,0,0.8,0.800346445,0.0003464449999999175
161,1/10/2015,Q2,Saturday,sewing,6,30.5,11.41,887.0,5490,50,0,0.0,0,0.8,0.800343766,0.0003437659999999676
162,1/10/2015,Q2,Saturday,sewing,1,59.0,26.16,1335.0,10620,63,0,0.0,0,0.8,0.800117103,0.00011710300000000728
163,1/10/2015,Q2,Saturday,sewing,10,58.5,28.08,1082.0,10530,63,0,0.0,0,0.8,0.8,0.0
164,1/10/2015,Q2,Saturday,sewing,3,56.0,19.87,1075.0,7080,45,0,0.0,0,0.75,0.750098351,9.835099999999652e-05
165,1/10/2015,Q2,Saturday,sewing,11,53.0,12.52,749.0,9540,38,0,0.0,0,0.5,0.673245283,0.17324528299999997
166,1/10/2015,Q2,Saturday,finishing ,7,8.0,2.9,,1440,0,0,0.0,0,0.8,0.670075758,-0.12992424200000008
167,1/10/2015,Q2,Saturday,finishing ,8,8.0,2.9,,1440,0,0,0.0,0,0.8,0.628882576,-0.17111742400000007
168,1/10/2015,Q2,Saturday,sewing,5,56.0,20.79,966.0,7680,0,0,0.0,0,0.5,0.388007813,-0.11199218700000002
169,1/10/2015,Q2,Saturday,finishing ,5,8.0,4.15,,1440,0,0,0.0,0,0.5,0.337973485,-0.16202651499999998
170,1/11/2015,Q2,Sunday,finishing ,3,8.0,4.15,,1440,0,0,0.0,0,0.75,0.93532197,0.18532196999999995
171,1/11/2015,Q2,Sunday,finishing ,4,20.0,3.94,,3600,0,0,0.0,0,0.8,0.925643939,0.12564393899999993
172,1/11/2015,Q2,Sunday,sewing,9,59.0,26.16,1095.0,10620,88,0,0.0,0,0.8,0.900215716,0.10021571600000001
173,1/11/2015,Q2,Sunday,finishing ,1,8.0,3.94,,1440,0,0,0.0,0,0.8,0.873068182,0.07306818199999998
174,1/11/2015,Q2,Sunday,finishing ,9,8.0,3.94,,1440,0,0,0.0,0,0.8,0.858143939,0.05814393899999992
175,1/11/2015,Q2,Sunday,sewing,1,59.0,26.16,1383.0,10620,75,0,0.0,0,0.8,0.850502311,0.05050231099999991
176,1/11/2015,Q2,Sunday,sewing,7,56.5,25.9,1012.0,10170,45,0,0.0,0,0.8,0.850136766,0.050136765999999944
177,1/11/2015,Q2,Sunday,sewing,8,56.5,25.9,1209.0,10170,60,0,0.0,0,0.8,0.850136766,0.050136765999999944
178,1/11/2015,Q2,Sunday,finishing ,10,8.0,3.94,,1440,0,0,0.0,0,0.8,0.828295455,0.02829545499999997
179,1/11/2015,Q2,Sunday,finishing ,2,8.0,3.94,,1440,0,0,0.0,0,0.8,0.820833333,0.02083333300000001
180,1/11/2015,Q2,Sunday,sewing,6,30.5,11.41,887.0,5490,50,0,0.0,0,0.8,0.800343766,0.0003437659999999676
181,1/11/2015,Q2,Sunday,sewing,12,31.5,11.61,896.0,5670,50,0,0.0,0,0.8,0.800246753,0.00024675299999998845
182,1/11/2015,Q2,Sunday,sewing,2,58.5,28.08,805.0,10530,63,0,0.0,0,0.8,0.8,0.0
183,1/11/2015,Q2,Sunday,sewing,10,58.5,28.08,762.0,10530,38,0,0.0,0,0.8,0.8,0.0
184,1/11/2015,Q2,Sunday,sewing,3,55.0,19.87,1043.0,6420,0,0,0.0,0,0.8,0.690182815,-0.10981718500000004
185,1/11/2015,Q2,Sunday,finishing ,11,8.0,4.15,,1440,0,0,0.0,0,0.8,0.668087121,-0.13191287900000004
186,1/11/2015,Q2,Sunday,finishing ,8,8.0,2.9,,1440,0,0,0.0,0,0.8,0.653598485,-0.1464015150000001
187,1/11/2015,Q2,Sunday,finishing ,5,8.0,4.15,,1440,0,0,0.0,0,0.5,0.609138258,0.10913825799999999
188,1/11/2015,Q2,Sunday,sewing,11,53.0,12.52,831.0,9540,30,0,0.0,0,0.6,0.600229846,0.000229845999999978
189,1/11/2015,Q2,Sunday,finishing ,6,8.0,2.9,,1440,0,0,0.0,0,0.8,0.597348485,-0.202651515
190,1/11/2015,Q2,Sunday,finishing ,7,8.0,2.9,,1440,0,0,0.0,0,0.8,0.590435606,-0.20956439400000004
191,1/11/2015,Q2,Sunday,sewing,4,58.0,50.48,562.0,10440,0,0,0.0,0,0.8,0.473134796,-0.326865204
192,1/11/2015,Q2,Sunday,sewing,5,57.0,20.79,1208.0,7980,0,0,0.0,0,0.6,0.452979626,-0.14702037399999995
193,1/12/2015,Q2,Monday,finishing ,1,8.0,3.94,,1440,0,0,0.0,0,0.8,0.955151515,0.1551515149999999
194,1/12/2015,Q2,Monday,finishing ,4,18.0,4.3,,3240,0,0,0.0,0,0.35,0.942213805,0.592213805
195,1/12/2015,Q2,Monday,finishing ,3,10.0,4.15,,1800,0,0,0.0,0,0.8,0.905454545,0.10545454499999996
196,1/12/2015,Q2,Monday,finishing ,2,8.0,3.94,,1440,0,0,0.0,0,0.8,0.880530303,0.08053030299999997
197,1/12/2015,Q2,Monday,finishing ,9,8.0,3.94,,1440,0,0,0.0,0,0.8,0.858143939,0.05814393899999992
198,1/12/2015,Q2,Monday,sewing,1,59.0,26.16,1099.0,8220,75,0,0.0,0,0.8,0.850522167,0.05052216700000001
199,1/12/2015,Q2,Monday,sewing,9,59.0,26.16,1093.0,10620,75,0,0.0,0,0.8,0.850502311,0.05050231099999991
200,1/12/2015,Q2,Monday,sewing,7,56.5,25.9,1031.0,10170,60,0,0.0,0,0.8,0.850136766,0.050136765999999944
201,1/12/2015,Q2,Monday,sewing,8,56.5,25.9,1233.0,10170,60,0,0.0,0,0.8,0.850136766,0.050136765999999944
202,1/12/2015,Q2,Monday,finishing ,6,8.0,2.9,,1440,0,0,0.0,0,0.8,0.817424242,0.017424241999999923
203,1/12/2015,Q2,Monday,finishing ,5,8.0,4.15,,1440,0,0,0.0,0,0.65,0.809564394,0.159564394
204,1/12/2015,Q2,Monday,sewing,3,55.0,19.87,941.0,9900,0,0,0.0,0,0.8,0.800273829,0.0002738289999999477
205,1/12/2015,Q2,Monday,sewing,6,31.5,11.41,843.0,5670,50,0,0.0,0,0.8,0.800181818,0.00018181799999994475
206,1/12/2015,Q2,Monday,sewing,12,31.5,11.61,760.0,4470,50,0,0.0,0,0.8,0.80007657,7.656999999994252e-05
207,1/12/2015,Q2,Monday,sewing,2,58.5,28.08,737.0,10530,63,0,0.0,0,0.8,0.8,0.0
208,1/12/2015,Q2,Monday,finishing ,8,8.0,2.9,,1440,0,0,0.0,0,0.8,0.725,-0.07500000000000007
209,1/12/2015,Q2,Monday,sewing,10,58.5,50.48,381.0,6930,45,0,0.0,0,0.8,0.688557555,-0.111442445
210,1/12/2015,Q2,Monday,sewing,5,59.0,20.79,1141.0,8460,0,0,0.0,0,0.65,0.650040783,4.078299999998869e-05
211,1/12/2015,Q2,Monday,sewing,11,53.0,12.52,1004.0,9540,44,0,0.0,0,0.65,0.64998056,-1.9439999999981694e-05
212,1/12/2015,Q2,Monday,finishing ,7,8.0,2.9,,1440,0,0,0.0,0,0.8,0.648106061,-0.15189393900000003
213,1/12/2015,Q2,Monday,finishing ,11,8.0,4.15,,1440,0,0,0.0,0,0.8,0.640577652,-0.159422348
214,1/12/2015,Q2,Monday,sewing,4,51.5,22.4,581.0,7350,0,0,0.0,0,0.35,0.35063299,0.0006329899999999999
215,1/12/2015,Q2,Monday,finishing ,10,8.0,3.94,,1440,0,0,0.0,0,0.8,0.24625,-0.5537500000000001
216,1/13/2015,Q2,Tuesday,finishing ,4,12.0,4.3,,2160,0,0,0.0,0,0.35,0.952020202,0.6020202020000001
217,1/13/2015,Q2,Tuesday,finishing ,1,2.0,3.94,,1440,0,0,0.0,0,0.8,0.951420455,0.151420455
218,1/13/2015,Q2,Tuesday,finishing ,10,20.0,3.94,,5400,0,0,0.0,0,0.8,0.912766667,0.11276666699999993
219,1/13/2015,Q2,Tuesday,finishing ,3,9.0,4.15,,1620,0,0,0.0,0,0.8,0.901262626,0.10126262599999991
220,1/13/2015,Q2,Tuesday,finishing ,9,8.0,3.94,,1440,0,0,0.0,0,0.8,0.858143939,0.05814393899999992
221,1/13/2015,Q2,Tuesday,sewing,1,59.0,26.16,1073.0,10620,75,0,0.0,0,0.8,0.850502311,0.05050231099999991
222,1/13/2015,Q2,Tuesday,sewing,9,59.0,26.16,1156.0,10620,75,0,0.0,0,0.8,0.850502311,0.05050231099999991
223,1/13/2015,Q2,Tuesday,sewing,8,57.0,25.9,1211.0,10260,60,0,0.0,0,0.8,0.850252525,0.05025252499999999
224,1/13/2015,Q2,Tuesday,sewing,7,56.5,25.9,1126.0,10170,60,0,0.0,0,0.8,0.850136766,0.050136765999999944
225,1/13/2015,Q2,Tuesday,finishing ,5,8.0,4.15,,1440,0,0,0.0,0,0.65,0.821354167,0.17135416699999995
231,1/13/2015,Q2,Tuesday,finishing ,2,8.0,3.94,,1440,0,0,0.0,0,0.8,0.805909091,0.005909090999999922
232,1/13/2015,Q2,Tuesday,sewing,6,31.5,11.61,1004.0,5670,50,0,0.0,0,0.8,0.800246753,0.00024675299999998845
233,1/13/2015,Q2,Tuesday,sewing,12,31.5,11.61,1063.0,5670,50,0,0.0,0,0.8,0.800246753,0.00024675299999998845
234,1/13/2015,Q2,Tuesday,sewing,2,58.5,28.08,723.0,10530,50,0,0.0,0,0.8,0.8,0.0
235,1/13/2015,Q2,Tuesday,sewing,3,55.0,42.27,465.0,9900,54,0,0.0,0,0.8,0.705576584,-0.09442341600000004
236,1/13/2015,Q2,Tuesday,finishing ,8,8.0,2.9,,1440,0,0,0.0,0,0.8,0.681060606,-0.11893939400000009
237,1/13/2015,Q2,Tuesday,finishing ,7,8.0,2.9,,1440,0,0,0.0,0,0.8,0.670075758,-0.12992424200000008
238,1/13/2015,Q2,Tuesday,finishing ,11,8.0,4.15,,1440,0,0,0.0,0,0.8,0.601278409,-0.1987215910000001
239,1/13/2015,Q2,Tuesday,sewing,11,53.0,27.13,530.0,9540,37,0,0.0,0,0.7,0.582301029,-0.11769897099999993
240,1/13/2015,Q2,Tuesday,sewing,5,58.0,20.79,1297.0,10440,0,0,0.0,0,0.7,0.526810345,-0.17318965499999994
241,1/13/2015,Q2,Tuesday,sewing,4,56.5,22.4,783.0,10170,23,0,0.0,0,0.5,0.500380799,0.00038079899999998723
242,1/13/2015,Q2,Tuesday,sewing,10,56.5,22.4,715.0,10170,23,0,0.0,0,0.35,0.35020649,0.00020649000000000362
243,1/14/2015,Q2,Wednesday,finishing ,11,7.0,4.15,,1980,0,0,0.0,0,0.8,0.934607438,0.13460743799999997
244,1/14/2015,Q2,Wednesday,finishing ,4,8.0,4.3,,2700,0,0,0.0,0,0.35,0.908080808,0.558080808
245,1/14/2015,Q2,Wednesday,sewing,7,56.5,25.9,1150.0,10170,70,0,0.0,0,0.8,0.900144811,0.10014481099999994
246,1/14/2015,Q2,Wednesday,finishing ,1,8.0,3.94,,1440,0,0,0.0,0,0.8,0.891723485,0.09172348499999994
247,1/14/2015,Q2,Wednesday,finishing ,5,15.0,4.15,,1440,0,0,0.0,0,0.65,0.864583333,0.214583333
248,1/14/2015,Q2,Wednesday,finishing ,9,8.0,3.94,,1440,0,0,0.0,0,0.8,0.858143939,0.05814393899999992
249,1/14/2015,Q2,Wednesday,sewing,9,59.0,26.16,1232.0,10620,75,0,0.0,0,0.8,0.850502311,0.05050231099999991
250,1/14/2015,Q2,Wednesday,sewing,8,56.5,25.9,1218.0,10170,60,0,0.0,0,0.8,0.850136766,0.050136765999999944
251,1/14/2015,Q2,Wednesday,finishing ,7,8.0,2.9,,1440,0,0,0.0,0,0.8,0.837594697,0.037594696999999955
252,1/14/2015,Q2,Wednesday,finishing ,3,7.0,4.15,,1440,0,0,0.0,0,0.8,0.820833333,0.02083333300000001
253,1/14/2015,Q2,Wednesday,sewing,12,31.5,11.61,1159.0,2970,50,0,0.0,0,0.8,0.800313433,0.0003134329999999741
254,1/14/2015,Q2,Wednesday,sewing,6,31.5,11.61,972.0,5670,38,0,0.0,0,0.8,0.800246753,0.00024675299999998845
255,1/14/2015,Q2,Wednesday,sewing,1,59.0,26.16,1092.0,10620,63,0,0.0,0,0.8,0.800117103,0.00011710300000000728
256,1/14/2015,Q2,Wednesday,sewing,5,58.0,20.79,965.0,7320,0,0,0.0,0,0.7,0.700095563,9.556300000002071e-05
257,1/14/2015,Q2,Wednesday,finishing ,8,8.0,2.9,,1440,0,0,0.0,0,0.8,0.667329545,-0.13267045500000008
258,1/14/2015,Q2,Wednesday,sewing,4,57.0,22.4,816.0,5100,23,0,0.0,0,0.6,0.600369686,0.0003696859999999802
259,1/14/2015,Q2,Wednesday,sewing,10,56.5,22.4,947.0,3390,23,0,0.0,0,0.5,0.499980334,-1.966599999997376e-05
260,1/14/2015,Q2,Wednesday,sewing,11,55.0,14.61,838.0,7200,23,0,0.0,0,0.35,0.35003125,3.125000000003819e-05
261,1/14/2015,Q2,Wednesday,finishing ,10,8.0,3.94,,1260,0,0,0.0,0,0.8,0.332359307,-0.46764069300000005
262,1/14/2015,Q2,Wednesday,sewing,2,57.0,51.02,1086.0,4260,27,0,0.0,0,0.8,0.311207464,-0.48879253600000006
263,1/14/2015,Q2,Wednesday,finishing ,2,8.0,3.94,,1260,0,0,0.0,0,0.8,0.247316017,-0.5526839830000001
264,1/15/2015,Q3,Thursday,finishing ,4,20.0,4.3,,3600,0,0,0.0,0,0.35,0.988636364,0.638636364
265,1/15/2015,Q3,Thursday,finishing ,10,19.0,3.94,,3420,0,0,0.0,0,0.8,0.953110048,0.15311004799999994
266,1/15/2015,Q3,Thursday,finishing ,1,8.0,3.94,,1440,0,0,0.0,0,0.8,0.884261364,0.08426136399999995
267,1/15/2015,Q3,Thursday,finishing ,5,8.0,4.15,,1440,0,0,0.0,0,0.65,0.860653409,0.21065340899999996
268,1/15/2015,Q3,Thursday,finishing ,9,8.0,3.94,,1440,0,0,0.0,0,0.8,0.858143939,0.05814393899999992
269,1/15/2015,Q3,Thursday,sewing,1,59.0,26.16,1160.0,10620,75,0,0.0,0,0.8,0.850502311,0.05050231099999991
270,1/15/2015,Q3,Thursday,sewing,8,56.5,25.9,1177.0,8970,60,0,0.0,0,0.8,0.850415628,0.05041562799999999
271,1/15/2015,Q3,Thursday,sewing,7,56.5,25.9,1281.0,10170,60,0,0.0,0,0.8,0.850136766,0.050136765999999944
272,1/15/2015,Q3,Thursday,sewing,9,59.0,26.16,1369.0,10620,63,0,0.0,0,0.8,0.800117103,0.00011710300000000728
273,1/15/2015,Q3,Thursday,sewing,6,31.5,11.61,1084.0,4950,38,0,0.0,0,0.8,0.80003139,3.13899999999645e-05
274,1/15/2015,Q3,Thursday,sewing,12,31.5,11.61,1216.0,4950,50,0,0.0,0,0.8,0.80003139,3.13899999999645e-05
275,1/15/2015,Q3,Thursday,sewing,5,58.0,20.79,391.0,10440,0,0,0.0,0,0.7,0.700060345,6.03450000000727e-05
276,1/15/2015,Q3,Thursday,finishing ,7,8.0,2.9,,1440,0,0,0.0,0,0.8,0.689299242,-0.11070075800000001
277,1/15/2015,Q3,Thursday,sewing,3,56.5,22.52,1102.0,10170,30,0,0.0,0,0.5,0.660683293,0.16068329299999995
278,1/15/2015,Q3,Thursday,sewing,4,56.0,22.52,872.0,10080,26,0,0.0,0,0.65,0.650130952,0.0001309520000000175
279,1/15/2015,Q3,Thursday,finishing ,8,8.0,2.9,,1440,0,0,0.0,0,0.8,0.606912879,-0.19308712100000003
280,1/15/2015,Q3,Thursday,sewing,10,56.5,22.52,1076.0,10170,23,0,0.0,0,0.6,0.600291767,0.00029176699999999833
281,1/15/2015,Q3,Thursday,sewing,11,55.0,14.89,917.0,9900,30,0,0.0,0,0.5,0.500025069,2.5068999999988684e-05
282,1/15/2015,Q3,Thursday,sewing,2,54.5,22.94,1044.0,9810,23,0,0.0,0,0.5,0.499998888,-1.112000000025315e-06
283,1/17/2015,Q3,Saturday,finishing ,5,15.0,4.15,,2700,0,0,0.0,0,0.65,0.98719697,0.33719696999999993
284,1/17/2015,Q3,Saturday,finishing ,2,10.0,3.94,,1800,0,0,0.0,0,0.8,0.980909091,0.18090909099999997
285,1/17/2015,Q3,Saturday,finishing ,10,8.0,3.94,,1440,0,0,0.0,0,0.8,0.974621212,0.17462121199999991
286,1/17/2015,Q3,Saturday,finishing ,1,8.0,3.94,,1440,0,0,0.0,0,0.8,0.884261364,0.08426136399999995
287,1/17/2015,Q3,Saturday,finishing ,9,10.0,3.94,,1800,0,0,0.0,0,0.8,0.82680303,0.02680302999999995
288,1/17/2015,Q3,Saturday,sewing,6,30.5,11.41,1067.0,5490,63,0,0.0,0,0.8,0.800343766,0.0003437659999999676
289,1/17/2015,Q3,Saturday,sewing,12,31.5,11.61,1039.0,5670,63,0,0.0,0,0.8,0.800246753,0.00024675299999998845
290,1/17/2015,Q3,Saturday,sewing,7,56.5,25.9,1396.0,10170,50,0,0.0,0,0.8,0.800128721,0.0001287209999999428
291,1/17/2015,Q3,Saturday,sewing,8,56.5,25.9,1292.0,10170,50,0,0.0,0,0.8,0.800128721,0.0001287209999999428
292,1/17/2015,Q3,Saturday,sewing,1,59.0,48.68,171.0,10620,63,0,0.0,0,0.8,0.800117103,0.00011710300000000728
293,1/17/2015,Q3,Saturday,sewing,9,59.0,26.16,1128.0,10620,63,0,0.0,0,0.8,0.800117103,0.00011710300000000728
294,1/17/2015,Q3,Saturday,sewing,2,56.5,22.94,865.0,6570,23,0,0.0,0,0.6,0.77011398,0.17011398
295,1/17/2015,Q3,Saturday,sewing,4,56.5,22.52,825.0,10170,50,0,0.0,0,0.7,0.7005417,0.0005417000000000893
296,1/17/2015,Q3,Saturday,finishing ,8,8.0,2.9,,1440,0,0,0.0,0,0.8,0.675568182,-0.12443181800000003
297,1/17/2015,Q3,Saturday,finishing ,7,8.0,2.9,,1440,0,0,0.0,0,0.8,0.661837121,-0.13816287900000002
298,1/17/2015,Q3,Saturday,sewing,10,54.0,22.52,1163.0,9720,35,0,0.0,0,0.65,0.650198653,0.00019865299999999309
299,1/17/2015,Q3,Saturday,sewing,3,56.5,22.52,1140.0,10170,30,0,0.0,0,0.6,0.600291767,0.00029176699999999833
300,1/17/2015,Q3,Saturday,sewing,11,56.0,14.89,1027.0,10080,38,0,0.0,0,0.6,0.600273268,0.0002732680000000487
301,1/17/2015,Q3,Saturday,finishing ,6,5.0,2.9,,900,0,0,0.0,0,0.8,0.465757576,-0.33424242400000004
302,1/17/2015,Q3,Saturday,sewing,5,58.0,41.19,1052.0,10440,21,0,0.0,0,0.7,0.452012539,-0.24798746099999996
303,1/17/2015,Q3,Saturday,finishing ,11,7.0,4.15,,1260,0,0,0.0,0,0.8,0.313852814,-0.48614718600000006
304,1/18/2015,Q3,Sunday,finishing ,5,8.0,4.15,,1440,0,0,0.0,0,0.6,0.852793561,0.25279356100000006
305,1/18/2015,Q3,Sunday,finishing ,11,12.0,4.15,,2160,0,0,0.0,0,0.65,0.838383838,0.18838383800000003
306,1/18/2015,Q3,Sunday,finishing ,6,10.0,2.9,,1800,0,0,0.0,0,0.8,0.804848485,0.0048484849999999025
307,1/18/2015,Q3,Sunday,sewing,6,30.5,11.41,1140.0,5490,63,0,0.0,0,0.8,0.800343766,0.0003437659999999676
308,1/18/2015,Q3,Sunday,sewing,7,56.5,48.84,624.0,10170,50,0,0.0,0,0.8,0.800128721,0.0001287209999999428
309,1/18/2015,Q3,Sunday,sewing,8,56.5,25.9,1288.0,10170,38,0,0.0,0,0.8,0.800128721,0.0001287209999999428
310,1/18/2015,Q3,Sunday,sewing,9,59.0,26.16,1381.0,3660,50,0,0.0,0,0.8,0.800015009,1.5008999999954753e-05
311,1/18/2015,Q3,Sunday,sewing,4,56.5,22.52,882.0,10170,50,0,0.0,0,0.7,0.7005417,0.0005417000000000893
312,1/18/2015,Q3,Sunday,sewing,10,56.0,22.52,1002.0,10080,40,0,0.0,0,0.7,0.700094156,9.415600000006741e-05
313,1/18/2015,Q3,Sunday,finishing ,7,8.0,2.9,,1440,0,0,0.0,0,0.8,0.692045455,-0.10795454500000001
314,1/18/2015,Q3,Sunday,sewing,12,31.5,26.87,585.0,5670,56,0,0.0,0,0.8,0.662255892,-0.13774410800000003
315,1/18/2015,Q3,Sunday,sewing,3,56.5,22.52,1138.0,10170,35,0,0.0,0,0.65,0.650416734,0.0004167339999999742
316,1/18/2015,Q3,Sunday,sewing,11,57.0,14.89,1140.0,10260,44,0,0.0,0,0.65,0.650299575,0.00029957499999999637
317,1/18/2015,Q3,Sunday,sewing,2,56.5,22.94,1025.0,10170,26,0,0.0,0,0.65,0.650243497,0.0002434969999999259
318,1/18/2015,Q3,Sunday,finishing ,8,8.0,2.9,,1440,0,0,0.0,0,0.8,0.639867424,-0.16013257600000008
319,1/18/2015,Q3,Sunday,sewing,5,58.0,20.4,1031.0,10440,30,0,0.0,0,0.6,0.600062696,6.269599999997322e-05
320,1/18/2015,Q3,Sunday,finishing ,9,10.0,3.94,,1800,0,0,0.0,0,0.8,0.582045455,-0.217954545
321,1/18/2015,Q3,Sunday,sewing,1,57.5,49.1,1381.0,10350,24,0,0.0,0,0.8,0.403242161,-0.39675783900000006
322,1/18/2015,Q3,Sunday,finishing ,10,8.0,3.94,,1440,0,0,0.0,0,0.7,0.235795455,-0.46420454499999997
323,1/19/2015,Q3,Monday,finishing ,4,28.0,4.3,,5040,0,0,0.0,0,0.7,0.977272727,0.27727272700000005
324,1/19/2015,Q3,Monday,finishing ,9,10.0,3.94,,1800,0,0,0.0,0,0.8,0.964106061,0.16410606099999991
325,1/19/2015,Q3,Monday,finishing ,5,8.0,4.15,,1440,0,0,0.0,0,0.65,0.958901515,0.30890151499999996
326,1/19/2015,Q3,Monday,sewing,6,31.0,11.41,1028.0,4380,50,0,0.0,0,0.8,0.800358775,0.00035877499999992235
327,1/19/2015,Q3,Monday,sewing,8,56.5,25.9,1380.0,3630,50,0,0.0,0,0.8,0.800162602,0.00016260199999995617
328,1/19/2015,Q3,Monday,sewing,9,59.0,26.16,1196.0,10620,63,0,0.0,0,0.8,0.800117103,0.00011710300000000728
329,1/19/2015,Q3,Monday,finishing ,12,8.0,2.9,,1440,0,0,0.0,0,0.8,0.793844697,-0.006155303000000001
330,1/19/2015,Q3,Monday,sewing,2,56.5,22.94,1006.0,10170,38,0,0.0,0,0.7,0.750517565,0.05051756500000004
331,1/19/2015,Q3,Monday,sewing,4,57.0,22.52,930.0,10260,63,0,0.0,0,0.7,0.750068049,0.05006804900000006
332,1/19/2015,Q3,Monday,sewing,3,56.5,22.52,1095.0,10170,50,0,0.0,0,0.7,0.750062751,0.050062751000000016
333,1/19/2015,Q3,Monday,sewing,10,56.0,22.52,938.0,10080,63,0,0.0,0,0.7,0.750057359,0.05005735900000008
334,1/19/2015,Q3,Monday,sewing,11,57.0,14.89,1484.0,10260,50,0,0.0,0,0.7,0.700170388,0.0001703880000000213
335,1/19/2015,Q3,Monday,finishing ,8,8.0,2.9,,1440,0,0,0.0,0,0.8,0.683806818,-0.11619318200000006
336,1/19/2015,Q3,Monday,sewing,5,58.0,20.4,1255.0,8280,35,0,0.0,0,0.65,0.650066445,6.644499999997056e-05
337,1/19/2015,Q3,Monday,sewing,7,57.0,48.84,1040.0,10260,30,0,0.0,0,0.8,0.576460393,-0.22353960700000008
338,1/19/2015,Q3,Monday,sewing,1,56.5,22.94,1492.0,10170,30,0,0.0,0,0.5,0.549969429,0.04996942900000001
339,1/19/2015,Q3,Monday,finishing ,10,8.0,3.94,,1440,0,0,0.0,0,0.7,0.538399621,-0.1616003789999999
340,1/19/2015,Q3,Monday,finishing ,11,8.0,4.15,,1440,0,0,0.0,0,0.7,0.409545455,-0.29045454499999995
341,1/19/2015,Q3,Monday,sewing,12,34.0,15.26,1111.0,6120,23,0,0.0,0,0.35,0.35021836,0.00021836000000002853
342,1/20/2015,Q3,Tuesday,finishing ,5,8.0,4.15,,1440,0,0,0.0,0,0.7,1.033570076,0.333570076
343,1/20/2015,Q3,Tuesday,sewing,6,31.0,11.41,1047.0,5580,63,0,0.0,0,0.8,0.800261486,0.00026148599999997746
344,1/20/2015,Q3,Tuesday,sewing,8,56.5,25.9,1434.0,10170,50,0,0.0,0,0.8,0.800128721,0.0001287209999999428
345,1/20/2015,Q3,Tuesday,sewing,9,59.0,26.16,399.0,10620,63,0,0.0,0,0.8,0.800117103,0.00011710300000000728
346,1/20/2015,Q3,Tuesday,sewing,4,57.0,22.52,983.0,10260,63,0,0.0,0,0.7,0.750068049,0.05006804900000006
347,1/20/2015,Q3,Tuesday,sewing,10,56.0,22.52,1108.0,10080,63,0,0.0,0,0.7,0.750057359,0.05005735900000008
348,1/20/2015,Q3,Tuesday,sewing,3,57.0,22.52,1134.0,8460,50,0,0.0,0,0.7,0.750037968,0.050037968000000044
349,1/20/2015,Q3,Tuesday,sewing,2,57.0,22.94,1363.0,10260,50,0,0.0,0,0.7,0.750031898,0.050031898000000075
350,1/20/2015,Q3,Tuesday,finishing ,9,10.0,3.94,,1800,0,0,0.0,0,0.8,0.72830303,-0.07169697000000008
351,1/20/2015,Q3,Tuesday,sewing,11,57.0,14.89,1501.0,10260,50,0,0.0,0,0.7,0.700170388,0.0001703880000000213
352,1/20/2015,Q3,Tuesday,sewing,5,57.0,20.4,1352.0,10260,50,0,0.0,0,0.7,0.700063796,6.379600000006036e-05
353,1/20/2015,Q3,Tuesday,finishing ,8,8.0,2.9,,1440,0,0,0.0,0,0.8,0.639867424,-0.16013257600000008
354,1/20/2015,Q3,Tuesday,sewing,12,34.0,15.26,1352.0,3720,23,0,0.0,0,0.5,0.500290419,0.00029041900000004173
355,1/20/2015,Q3,Tuesday,sewing,7,56.0,22.94,1450.0,10080,30,0,0.0,0,0.35,0.400332792,0.050332792000000015
356,1/20/2015,Q3,Tuesday,finishing ,11,15.0,4.15,,2700,0,0,0.0,0,0.7,0.362666667,-0.33733333299999996
357,1/21/2015,Q3,Wednesday,finishing ,4,20.0,4.3,,6000,0,0,0.0,0,0.75,0.978525641,0.22852564099999995
358,1/21/2015,Q3,Wednesday,finishing ,2,17.0,3.94,,5100,0,0,0.0,0,0.7,0.912202112,0.21220211200000005
359,1/21/2015,Q3,Wednesday,sewing,4,56.0,22.52,825.0,10080,94,0,0.0,0,0.75,0.900556277,0.15055627699999996
360,1/21/2015,Q3,Wednesday,sewing,6,89.0,11.61,916.0,5760,75,0,0.0,0,0.8,0.850410511,0.050410510999999936
361,1/21/2015,Q3,Wednesday,finishing ,9,8.0,3.94,,2400,0,0,0.0,0,0.8,0.827147436,0.027147435999999914
362,1/21/2015,Q3,Wednesday,sewing,8,56.5,25.9,562.0,7470,38,0,0.0,0,0.8,0.800436542,0.0004365419999999842
363,1/21/2015,Q3,Wednesday,sewing,2,57.0,22.94,1422.0,10500,60,0,0.0,0,0.7,0.800415742,0.10041574200000003
364,1/21/2015,Q3,Wednesday,sewing,10,56.0,22.52,1206.0,10080,75,0,0.0,0,0.7,0.800020563,0.10002056300000006
365,1/21/2015,Q3,Wednesday,finishing ,5,8.0,4.15,,2400,0,0,0.0,0,0.7,0.758173077,0.05817307700000007
366,1/21/2015,Q3,Wednesday,sewing,5,58.0,20.4,1404.0,10440,50,0,0.0,0,0.7,0.750344828,0.050344828000000064
367,1/21/2015,Q3,Wednesday,sewing,3,57.0,22.52,1139.0,10260,63,0,0.0,0,0.7,0.750068049,0.05006804900000006
368,1/21/2015,Q3,Wednesday,sewing,11,57.0,14.89,1735.0,10260,50,0,0.0,0,0.7,0.700170388,0.0001703880000000213
369,1/21/2015,Q3,Wednesday,sewing,1,57.0,22.94,1595.0,10260,34,0,0.0,0,0.65,0.700029771,0.050029770999999945
370,1/21/2015,Q3,Wednesday,sewing,12,34.0,15.26,1245.0,6360,23,0,0.0,0,0.6,0.60017284,0.00017284000000006294
371,1/21/2015,Q3,Wednesday,finishing ,8,8.0,2.9,,2400,0,0,0.0,0,0.8,0.594871795,-0.20512820500000006
372,1/21/2015,Q3,Wednesday,sewing,9,58.0,54.56,757.0,4140,29,0,0.0,0,0.8,0.520237649,-0.279762351
373,1/21/2015,Q3,Wednesday,finishing ,1,8.0,3.94,,2400,0,0,0.0,0,0.65,0.505128205,-0.14487179500000003
374,1/21/2015,Q3,Wednesday,sewing,7,56.0,22.52,1720.0,10080,23,0,0.0,0,0.5,0.500241342,0.00024134200000003325
375,1/21/2015,Q3,Wednesday,finishing ,11,9.0,4.15,,2700,0,0,0.0,0,0.7,0.470769231,-0.22923076899999995
376,1/22/2015,Q4,Thursday,finishing ,7,10.0,3.94,,6000,0,0,0.0,0,0.6,0.957638889,0.35763888900000007
377,1/22/2015,Q4,Thursday,finishing ,10,14.0,3.94,,8400,0,0,0.0,0,0.75,0.940701058,0.19070105800000003
378,1/22/2015,Q4,Thursday,sewing,4,56.0,22.52,759.0,10080,81,0,0.0,0,0.75,0.849983766,0.09998376600000003
379,1/22/2015,Q4,Thursday,sewing,2,57.0,22.94,1510.0,10620,60,0,0.0,0,0.7,0.800302791,0.10030279100000006
380,1/22/2015,Q4,Thursday,sewing,6,32.0,11.61,955.0,6360,63,0,0.0,0,0.8,0.800191989,0.000191988999999948
381,1/22/2015,Q4,Thursday,sewing,10,56.0,22.52,1328.0,10080,55,0,0.0,0,0.75,0.800020563,0.05002056300000002
382,1/22/2015,Q4,Thursday,sewing,1,57.0,22.94,1384.0,12180,63,0,0.0,0,0.7,0.750162367,0.050162367000000097
383,1/22/2015,Q4,Thursday,sewing,3,57.0,22.52,1244.0,10260,63,0,0.0,0,0.7,0.750068049,0.05006804900000006
384,1/22/2015,Q4,Thursday,finishing ,5,15.0,4.15,,9000,0,0,0.0,0,0.7,0.742901235,0.04290123500000009
385,1/22/2015,Q4,Thursday,sewing,5,58.0,20.4,1480.0,10440,40,0,0.0,0,0.7,0.700250784,0.0002507840000000039
386,1/22/2015,Q4,Thursday,sewing,11,57.0,14.89,1863.0,10260,50,0,0.0,0,0.7,0.700170388,0.0001703880000000213
387,1/22/2015,Q4,Thursday,finishing ,4,15.0,4.3,,9000,0,0,0.0,0,0.75,0.670216049,-0.07978395100000002
388,1/22/2015,Q4,Thursday,finishing ,1,25.0,3.94,,15000,0,0,0.0,0,0.7,0.649662222,-0.050337777999999944
389,1/22/2015,Q4,Thursday,finishing ,2,25.0,3.94,,15000,0,0,0.0,0,0.7,0.649662222,-0.050337777999999944
390,1/22/2015,Q4,Thursday,finishing ,6,8.0,2.9,,4800,0,0,0.0,0,0.8,0.626822917,-0.173177083
391,1/22/2015,Q4,Thursday,sewing,12,34.0,15.26,1492.0,6960,23,0,0.0,0,0.6,0.600436426,0.0004364260000000453
392,1/22/2015,Q4,Thursday,sewing,7,57.0,22.52,1859.0,10260,23,0,0.0,0,0.6,0.60041361,0.0004136100000000642
393,1/22/2015,Q4,Thursday,sewing,8,56.5,40.99,980.0,10770,30,0,0.0,0,0.8,0.555500132,-0.244499868
394,1/22/2015,Q4,Thursday,sewing,9,58.0,29.12,970.0,10440,30,0,0.0,0,0.5,0.500547544,0.0005475440000000109
395,1/22/2015,Q4,Thursday,finishing ,3,20.0,3.94,,12000,0,0,0.0,0,0.7,0.460578704,-0.23942129599999995
396,1/22/2015,Q4,Thursday,finishing ,8,8.0,2.9,,4800,0,0,0.0,0,0.8,0.397743056,-0.40225694400000006
397,1/22/2015,Q4,Thursday,finishing ,12,9.0,4.08,,5400,0,0,0.0,0,0.6,0.327407407,-0.272592593
398,1/24/2015,Q4,Saturday,finishing ,5,15.0,4.15,,2700,0,0,0.0,0,0.7,0.966666667,0.2666666670000001
399,1/24/2015,Q4,Saturday,finishing ,10,10.0,3.94,,1800,0,0,0.0,0,0.75,0.937242424,0.18724242400000002
400,1/24/2015,Q4,Saturday,finishing ,8,9.0,2.9,,1620,0,0,0.0,0,0.8,0.910521886,0.1105218859999999
401,1/24/2015,Q4,Saturday,sewing,2,57.0,22.94,1606.0,10260,94,0,0.0,0,0.75,0.90064806,0.15064805999999997
402,1/24/2015,Q4,Saturday,sewing,4,57.0,22.52,727.0,10260,94,0,0.0,0,0.75,0.900321106,0.15032110600000004
403,1/24/2015,Q4,Saturday,finishing ,11,10.0,4.15,,1800,0,0,0.0,0,0.75,0.896022727,0.14602272699999996
404,1/24/2015,Q4,Saturday,finishing ,3,8.0,3.94,,1440,0,0,0.0,0,0.75,0.895454545,0.145454545
405,1/24/2015,Q4,Saturday,finishing ,7,12.0,3.94,,2160,0,0,0.0,0,0.65,0.870580808,0.22058080800000002
406,1/24/2015,Q4,Saturday,finishing ,12,9.0,4.08,,1620,0,0,0.0,0,0.7,0.858585859,0.158585859
407,1/24/2015,Q4,Saturday,sewing,1,57.0,22.94,1472.0,10260,75,0,0.0,0,0.7,0.800643806,0.100643806
408,1/24/2015,Q4,Saturday,sewing,10,56.0,22.52,1332.0,10080,69,0,0.0,0,0.75,0.80062987,0.050629869999999966
409,1/24/2015,Q4,Saturday,sewing,6,32.0,11.61,1009.0,5640,63,0,0.0,0,0.8,0.800537143,0.0005371429999999622
410,1/24/2015,Q4,Saturday,sewing,3,57.0,22.52,1266.0,10260,69,0,0.0,0,0.75,0.80035194,0.050351939999999984
411,1/24/2015,Q4,Saturday,sewing,12,34.0,15.26,1316.0,6120,40,0,0.0,0,0.75,0.750079323,7.932300000002002e-05
412,1/24/2015,Q4,Saturday,sewing,11,57.0,42.97,1282.0,10260,56,0,0.0,0,0.75,0.750041201,4.120100000004623e-05
413,1/24/2015,Q4,Saturday,sewing,5,58.0,20.4,1382.0,10440,50,0,0.0,0,0.7,0.700250784,0.0002507840000000039
414,1/24/2015,Q4,Saturday,finishing ,4,12.0,4.3,,2160,0,0,0.0,0,0.75,0.651515152,-0.09848484800000001
415,1/24/2015,Q4,Saturday,sewing,7,56.5,22.52,1295.0,10170,26,0,0.0,0,0.65,0.650416734,0.0004167339999999742
416,1/24/2015,Q4,Saturday,sewing,9,58.0,29.12,925.0,6660,23,0,0.0,0,0.6,0.600125217,0.0001252170000000108
417,1/24/2015,Q4,Saturday,finishing ,2,8.0,3.94,,1440,0,0,0.0,0,0.75,0.578314394,-0.17168560600000005
418,1/24/2015,Q4,Saturday,finishing ,1,8.0,3.94,,1440,0,0,0.0,0,0.7,0.578314394,-0.121685606
419,1/24/2015,Q4,Saturday,sewing,8,52.0,15.09,1448.0,9360,23,0,0.0,0,0.35,0.34998951,-1.0489999999974131e-05
420,1/24/2015,Q4,Saturday,finishing ,9,8.0,3.94,,1440,0,0,0.0,0,0.6,0.261174242,-0.338825758
421,1/25/2015,Q4,Sunday,finishing ,5,17.0,4.15,,3060,0,0,0.0,0,0.7,0.973796791,0.2737967910000001
422,1/25/2015,Q4,Sunday,finishing ,2,8.0,3.94,,1440,0,0,0.0,0,0.75,0.970075758,0.220075758
423,1/25/2015,Q4,Sunday,finishing ,1,8.0,3.94,,1440,0,0,0.0,0,0.7,0.970075758,0.27007575800000005
424,1/25/2015,Q4,Sunday,finishing ,3,9.0,3.94,,1620,0,0,0.0,0,0.75,0.961784512,0.21178451200000004
425,1/25/2015,Q4,Sunday,finishing ,10,19.0,3.94,,3420,0,0,0.0,0,0.75,0.955151515,0.20515151499999995
426,1/25/2015,Q4,Sunday,finishing ,4,12.0,4.3,,2160,0,0,0.0,0,0.75,0.952020202,0.20202020200000004
427,1/25/2015,Q4,Sunday,sewing,4,57.0,22.52,867.0,10260,94,0,0.0,0,0.75,0.900321106,0.15032110600000004
428,1/25/2015,Q4,Sunday,sewing,2,58.5,22.94,1636.0,10530,81,0,0.0,0,0.75,0.850223776,0.10022377599999999
429,1/25/2015,Q4,Sunday,sewing,1,58.5,22.94,1682.0,10530,75,0,0.0,0,0.7,0.800909609,0.10090960900000001
430,1/25/2015,Q4,Sunday,sewing,3,57.5,22.52,1495.0,10350,55,0,0.0,0,0.75,0.800513307,0.05051330700000001
431,1/25/2015,Q4,Sunday,sewing,6,32.0,11.61,1181.0,5760,63,0,0.0,0,0.8,0.800386364,0.0003863639999999169
432,1/25/2015,Q4,Sunday,sewing,10,56.0,22.52,1413.0,10080,69,0,0.0,0,0.75,0.800020563,0.05002056300000002
433,1/25/2015,Q4,Sunday,finishing ,7,14.0,3.94,,2520,0,0,0.0,0,0.65,0.749188312,0.099188312
434,1/25/2015,Q4,Sunday,sewing,7,56.5,22.52,360.0,10170,40,0,0.0,0,0.7,0.7005417,0.0005417000000000893
435,1/25/2015,Q4,Sunday,sewing,12,34.0,15.26,1296.0,6120,40,0,0.0,0,0.7,0.70043672,0.00043672000000005706
436,1/25/2015,Q4,Sunday,sewing,5,58.0,20.4,1217.0,10440,50,0,0.0,0,0.7,0.700250784,0.0002507840000000039
437,1/25/2015,Q4,Sunday,sewing,9,58.0,29.12,1086.0,10440,26,0,0.0,0,0.65,0.650407524,0.00040752399999999245
438,1/25/2015,Q4,Sunday,finishing ,12,9.0,4.08,,1620,0,0,0.0,0,0.7,0.618181818,-0.0818181819999999
439,1/25/2015,Q4,Sunday,sewing,11,57.0,42.97,532.0,10260,40,0,0.0,0,0.75,0.59114168,-0.15885832
440,1/25/2015,Q4,Sunday,sewing,8,52.0,15.09,1557.0,720,23,0,0.0,0,0.5,0.500061916,6.191600000005071e-05
441,1/25/2015,Q4,Sunday,finishing ,8,4.0,2.9,,720,0,0,0.0,0,0.8,0.329545455,-0.47045454500000006
442,1/26/2015,Q4,Monday,finishing ,3,10.0,3.94,,1800,0,0,0.0,0,0.75,1.059621212,0.3096212119999999
443,1/26/2015,Q4,Monday,finishing ,10,21.0,3.94,,3780,0,0,0.0,0,0.75,0.997792208,0.247792208
444,1/26/2015,Q4,Monday,finishing ,4,12.0,4.3,,2160,0,0,0.0,0,0.75,0.963699495,0.21369949499999996
445,1/26/2015,Q4,Monday,finishing ,5,15.0,4.15,,2700,0,0,0.0,0,0.7,0.959191919,0.25919191900000005
446,1/26/2015,Q4,Monday,finishing ,2,10.0,3.94,,1800,0,0,0.0,0,0.75,0.910378788,0.16037878800000005
447,1/26/2015,Q4,Monday,finishing ,1,10.0,3.94,,1800,0,0,0.0,0,0.7,0.910378788,0.2103787880000001
448,1/26/2015,Q4,Monday,sewing,4,56.5,22.52,1016.0,10170,60,0,0.0,0,0.8,0.850312684,0.050312683999999996
449,1/26/2015,Q4,Monday,sewing,6,32.0,11.61,1072.0,5760,50,0,0.0,0,0.8,0.800386364,0.0003863639999999169
450,1/26/2015,Q4,Monday,sewing,3,57.0,22.52,1584.0,10260,69,0,0.0,0,0.75,0.80035194,0.050351939999999984
451,1/26/2015,Q4,Monday,sewing,2,57.0,22.94,1764.0,10260,55,0,0.0,0,0.75,0.800034024,0.05003402400000001
452,1/26/2015,Q4,Monday,sewing,1,58.0,22.94,1745.0,10440,60,0,0.0,0,0.7,0.800023511,0.10002351100000006
453,1/26/2015,Q4,Monday,sewing,10,56.0,22.52,1250.0,10080,55,0,0.0,0,0.75,0.800020563,0.05002056300000002
454,1/26/2015,Q4,Monday,finishing ,12,9.0,4.08,,1620,0,0,0.0,0,0.7,0.769292929,0.06929292900000006
455,1/26/2015,Q4,Monday,sewing,5,58.0,20.4,1118.0,10320,56,0,0.0,0,0.75,0.750031447,3.1447000000017766e-05
456,1/26/2015,Q4,Monday,sewing,9,58.0,29.12,1143.0,10440,40,0,0.0,0,0.7,0.70061442,0.0006144200000000044
457,1/26/2015,Q4,Monday,sewing,12,34.0,15.26,1337.0,6120,40,0,0.0,0,0.7,0.70043672,0.00043672000000005706
458,1/26/2015,Q4,Monday,finishing ,7,8.0,3.94,,1440,0,0,0.0,0,0.65,0.646306818,-0.003693182000000017
459,1/26/2015,Q4,Monday,sewing,8,52.0,15.09,1519.0,360,23,0,0.0,0,0.6,0.600143365,0.0001433650000000064
460,1/26/2015,Q4,Monday,sewing,11,57.0,28.08,749.0,10260,23,0,0.0,0,0.35,0.350066986,6.698600000004662e-05
461,1/27/2015,Q4,Tuesday,sewing,2,57.0,22.52,1635.0,6840,119,0,0.0,0,0.75,1.000230409,0.25023040900000004
462,1/27/2015,Q4,Tuesday,sewing,3,57.0,22.52,1299.0,6840,119,0,0.0,0,0.75,1.000230409,0.25023040900000004
463,1/27/2015,Q4,Tuesday,finishing ,10,12.0,3.94,,1440,0,0,0.0,0,0.8,0.979527778,0.17952777799999997
464,1/27/2015,Q4,Tuesday,finishing ,4,12.0,4.3,,1440,0,0,0.0,0,0.8,0.940625,0.140625
465,1/27/2015,Q4,Tuesday,finishing ,5,12.0,4.15,,1440,0,0,0.0,0,0.5,0.926388889,0.42638888900000005
466,1/27/2015,Q4,Tuesday,sewing,10,56.0,22.52,1134.0,6720,70,0,0.0,0,0.8,0.900129762,0.10012976200000001
467,1/27/2015,Q4,Tuesday,finishing ,3,12.0,3.94,,1440,0,0,0.0,0,0.75,0.861875,0.11187499999999995
468,1/27/2015,Q4,Tuesday,sewing,4,56.5,22.52,1106.0,6780,60,0,0.0,0,0.8,0.850312684,0.050312683999999996
469,1/27/2015,Q4,Tuesday,finishing ,8,8.0,3.94,,960,0,0,0.0,0,0.65,0.845458333,0.19545833299999993
470,1/27/2015,Q4,Tuesday,finishing ,12,9.0,4.15,,1080,0,0,0.0,0,0.7,0.823555556,0.12355555600000001
471,1/27/2015,Q4,Tuesday,finishing ,7,8.0,4.15,,960,0,0,0.0,0,0.5,0.803541667,0.30354166699999996
472,1/27/2015,Q4,Tuesday,sewing,1,58.0,22.94,1871.0,6960,55,0,0.0,0,0.75,0.800263218,0.050263218
473,1/27/2015,Q4,Tuesday,finishing ,2,10.0,3.94,,1200,0,0,0.0,0,0.75,0.788,0.038000000000000034
474,1/27/2015,Q4,Tuesday,finishing ,1,10.0,3.94,,1200,0,0,0.0,0,0.75,0.77815,0.02815000000000001
475,1/27/2015,Q4,Tuesday,sewing,9,58.0,29.12,1294.0,6960,50,0,0.0,0,0.7,0.700386207,0.0003862070000000273
476,1/27/2015,Q4,Tuesday,sewing,12,34.0,15.26,1462.0,4080,40,0,0.0,0,0.7,0.700164706,0.00016470600000006996
477,1/27/2015,Q4,Tuesday,sewing,8,52.0,15.09,976.0,240,23,0,0.0,0,0.65,0.650307143,0.0003071430000000097
478,1/27/2015,Q4,Tuesday,sewing,6,32.0,30.4,338.0,3840,34,0,0.0,0,0.8,0.622828125,-0.1771718750000001
479,1/27/2015,Q4,Tuesday,finishing ,6,8.0,2.9,,960,0,0,0.0,0,0.8,0.6225,-0.1775
480,1/27/2015,Q4,Tuesday,sewing,5,58.0,20.79,1455.0,6960,30,0,0.0,0,0.5,0.500035345,3.5345000000019944e-05
481,1/27/2015,Q4,Tuesday,sewing,11,54.0,48.18,1282.0,6480,23,0,0.0,0,0.5,0.37046657,-0.12953343
482,1/28/2015,Q4,Wednesday,sewing,2,57.0,22.52,1559.0,6840,90,0,0.0,0,0.8,1.000230409,0.200230409
483,1/28/2015,Q4,Wednesday,sewing,3,57.0,22.52,1350.0,6840,113,0,0.0,0,0.8,1.000230409,0.200230409
484,1/28/2015,Q4,Wednesday,finishing ,6,15.0,2.9,,1800,0,0,0.0,0,0.35,0.977555556,0.627555556
485,1/28/2015,Q4,Wednesday,finishing ,1,10.0,3.94,,1200,0,0,0.0,0,0.75,0.9456,0.1956
486,1/28/2015,Q4,Wednesday,finishing ,2,15.0,3.94,,1800,0,0,0.0,0,0.8,0.902222222,0.10222222199999997
487,1/28/2015,Q4,Wednesday,sewing,10,56.0,22.52,1175.0,6720,60,0,0.0,0,0.8,0.850532143,0.050532142999999974
488,1/28/2015,Q4,Wednesday,sewing,1,58.0,22.94,1868.0,6960,81,0,0.0,0,0.75,0.850362069,0.100362069
489,1/28/2015,Q4,Wednesday,finishing ,10,10.0,3.94,,1200,0,0,0.0,0,0.8,0.840533333,0.04053333299999995
490,1/28/2015,Q4,Wednesday,sewing,5,58.0,20.79,1045.0,6960,88,0,0.0,0,0.6,0.800534483,0.20053448299999999
491,1/28/2015,Q4,Wednesday,sewing,4,56.5,22.52,1342.0,6780,50,0,0.0,0,0.8,0.800489676,0.0004896759999999389
492,1/28/2015,Q4,Wednesday,finishing ,12,9.0,4.08,,1080,0,0,0.0,0,0.75,0.755555556,0.005555556000000017
493,1/28/2015,Q4,Wednesday,sewing,9,58.0,29.12,1340.0,6960,63,0,0.0,0,0.7,0.750593103,0.050593103000000084
494,1/28/2015,Q4,Wednesday,sewing,12,35.0,15.26,1429.0,3600,45,0,0.0,0,0.75,0.750283333,0.00028333300000005224
495,1/28/2015,Q4,Wednesday,finishing ,4,12.0,4.3,,1440,0,0,0.0,0,0.8,0.722638889,-0.0773611110000001
496,1/28/2015,Q4,Wednesday,finishing ,8,8.0,4.15,,960,0,0,0.0,0,0.65,0.553333333,-0.09666666700000004
497,1/28/2015,Q4,Wednesday,sewing,11,54.0,20.1,1413.0,5880,46,0,0.0,0,0.5,0.500567308,0.0005673080000000441
498,1/28/2015,Q4,Wednesday,sewing,8,52.0,38.09,336.0,6240,0,0,0.0,0,0.7,0.467693269,-0.23230673099999993
499,1/28/2015,Q4,Wednesday,sewing,6,32.0,18.79,511.0,1800,23,0,0.0,0,0.35,0.437995338,0.08799533800000003
500,1/28/2015,Q4,Wednesday,finishing ,7,8.0,3.94,,960,0,0,0.0,0,0.6,0.406354167,-0.193645833
501,1/28/2015,Q4,Wednesday,sewing,7,55.0,23.54,958.0,6600,0,0,0.0,0,0.6,0.285333333,-0.31466666699999996
502,1/28/2015,Q4,Wednesday,finishing ,11,8.0,2.9,,960,0,0,0.0,0,0.5,0.259375,-0.24062499999999998
503,1/29/2015,Quarter5,Thursday,sewing,2,57.0,22.52,1416.0,6840,113,0,0.0,0,0.8,1.000230409,0.200230409
504,1/29/2015,Quarter5,Thursday,finishing ,4,10.0,4.3,,1200,0,0,0.0,0,0.8,0.989,0.18899999999999995
505,1/29/2015,Quarter5,Thursday,sewing,3,57.0,22.52,1287.0,6840,100,0,0.0,0,0.8,0.950185965,0.15018596499999992
506,1/29/2015,Quarter5,Thursday,sewing,4,57.5,22.52,1444.0,6900,88,0,0.0,0,0.8,0.9008,0.1008
507,1/29/2015,Quarter5,Thursday,sewing,10,56.0,22.52,1088.0,6720,88,0,0.0,0,0.8,0.900129762,0.10012976200000001
508,1/29/2015,Quarter5,Thursday,finishing ,6,10.0,2.9,,1200,0,0,0.0,0,0.5,0.899,0.399
509,1/29/2015,Quarter5,Thursday,finishing ,8,8.0,4.15,,960,0,0,0.0,0,0.65,0.877552083,0.22755208299999996
510,1/29/2015,Quarter5,Thursday,finishing ,11,8.0,2.9,,960,0,0,0.0,0,0.6,0.864583333,0.26458333300000003
511,1/29/2015,Quarter5,Thursday,finishing ,10,10.0,3.94,,1200,0,0,0.0,0,0.8,0.85695,0.056949999999999945
512,1/29/2015,Quarter5,Thursday,finishing ,1,10.0,3.94,,1200,0,0,0.0,0,0.75,0.853666667,0.10366666700000005
513,1/29/2015,Quarter5,Thursday,sewing,1,58.0,22.94,1579.0,6960,81,0,0.0,0,0.75,0.850362069,0.100362069
514,1/29/2015,Quarter5,Thursday,sewing,9,58.0,29.12,1170.0,6960,53,0,0.0,0,0.7,0.850170115,0.150170115
515,1/29/2015,Quarter5,Thursday,sewing,5,59.0,20.79,1015.0,7080,81,0,0.0,0,0.65,0.800473729,0.150473729
516,1/29/2015,Quarter5,Thursday,finishing ,2,10.0,3.94,,1200,0,0,0.0,0,0.8,0.773333333,-0.02666666700000009
517,1/29/2015,Quarter5,Thursday,sewing,12,35.0,15.26,1436.0,4200,45,0,0.0,0,0.75,0.750646667,0.0006466670000000452
518,1/29/2015,Quarter5,Thursday,finishing ,12,9.0,4.08,,1080,0,0,0.0,0,0.75,0.634666667,-0.11533333300000004
519,1/29/2015,Quarter5,Thursday,sewing,11,51.0,20.1,1601.0,4320,46,0,0.0,0,0.6,0.60059761,0.0005976100000000262
520,1/29/2015,Quarter5,Thursday,sewing,6,33.0,18.79,717.0,3960,23,0,0.0,0,0.5,0.500117677,0.00011767699999998271
521,1/29/2015,Quarter5,Thursday,finishing ,3,8.0,3.94,,960,0,0,0.0,0,0.8,0.4925,-0.30750000000000005
522,1/29/2015,Quarter5,Thursday,sewing,7,55.0,23.54,830.0,6600,0,0,0.0,0,0.65,0.48792,-0.16208
523,1/31/2015,Quarter5,Saturday,sewing,3,58.0,22.52,1136.0,6960,113,0,0.0,0,0.8,1.000457471,0.200457471
524,1/31/2015,Quarter5,Saturday,sewing,2,57.0,22.52,1397.0,6840,113,0,0.0,0,0.8,1.000230409,0.200230409
525,1/31/2015,Quarter5,Saturday,finishing ,2,10.0,3.94,,1200,0,0,0.0,0,0.8,0.971866667,0.17186666699999997
526,1/31/2015,Quarter5,Saturday,finishing ,3,8.0,3.94,,960,0,0,0.0,0,0.8,0.971866667,0.17186666699999997
527,1/31/2015,Quarter5,Saturday,finishing ,4,10.0,3.94,,1200,0,0,0.0,0,0.8,0.971866667,0.17186666699999997
528,1/31/2015,Quarter5,Saturday,finishing ,10,10.0,3.94,,1200,0,0,0.0,0,0.8,0.971866667,0.17186666699999997
529,1/31/2015,Quarter5,Saturday,finishing ,1,15.0,3.94,,1800,0,0,0.0,0,0.75,0.971866667,0.22186666700000002
530,1/31/2015,Quarter5,Saturday,finishing ,9,2.0,3.94,,240,0,0,0.0,0,0.75,0.971866667,0.22186666700000002
531,1/31/2015,Quarter5,Saturday,finishing ,12,9.0,4.08,,1080,0,0,0.0,0,0.75,0.971866667,0.22186666700000002
532,1/31/2015,Quarter5,Saturday,finishing ,5,2.0,3.94,,240,0,0,0.0,0,0.7,0.971866667,0.27186666700000006
533,1/31/2015,Quarter5,Saturday,finishing ,7,10.0,3.94,,1200,0,0,0.0,0,0.7,0.971866667,0.27186666700000006
534,1/31/2015,Quarter5,Saturday,finishing ,8,8.0,3.94,,960,0,0,0.0,0,0.65,0.971866667,0.321866667
535,1/31/2015,Quarter5,Saturday,finishing ,11,5.0,3.94,,600,0,0,0.0,0,0.65,0.971866667,0.321866667
536,1/31/2015,Quarter5,Saturday,finishing ,6,10.0,3.94,,1200,0,0,0.0,0,0.6,0.971866667,0.37186666700000004
537,1/31/2015,Quarter5,Saturday,sewing,10,56.0,22.52,1116.0,6720,93,0,0.0,0,0.8,0.920236905,0.12023690499999995
538,1/31/2015,Quarter5,Saturday,sewing,4,57.5,22.52,1432.0,6660,88,0,0.0,0,0.8,0.900537069,0.10053706899999992
539,1/31/2015,Quarter5,Saturday,sewing,9,57.0,29.12,1082.0,6840,81,0,0.0,0,0.75,0.850610526,0.10061052599999998
540,1/31/2015,Quarter5,Saturday,sewing,1,58.0,22.94,1502.0,6960,81,0,0.0,0,0.75,0.850362069,0.100362069
541,1/31/2015,Quarter5,Saturday,sewing,12,35.0,15.26,1209.0,4200,45,0,0.0,0,0.75,0.750646667,0.0006466670000000452
542,1/31/2015,Quarter5,Saturday,sewing,5,59.0,50.89,282.0,5880,56,0,0.0,0,0.7,0.656763743,-0.043236257
543,1/31/2015,Quarter5,Saturday,sewing,11,54.0,20.1,1417.0,6480,49,0,0.0,0,0.65,0.650148148,0.0001481479999999591
544,1/31/2015,Quarter5,Saturday,sewing,6,33.0,18.79,799.0,3960,23,0,0.0,0,0.6,0.600710606,0.000710606000000058
545,1/31/2015,Quarter5,Saturday,sewing,7,56.0,23.54,1109.0,6720,0,0,0.0,0,0.7,0.388830357,-0.31116964299999994
546,1/31/2015,Quarter5,Saturday,sewing,8,54.0,23.54,1144.0,6480,0,0,0.0,0,0.5,0.286984568,-0.213015432
0,2/1/2015,Q1,Sunday,finishing ,8,8.0,4.15,,960,0,0,0.0,0,0.65,1.0115625,0.3615624999999999
1,2/1/2015,Q1,Sunday,sewing,2,57.5,22.52,1396.0,6900,113,0,0.0,0,0.8,1.000671304,0.20067130399999988
2,2/1/2015,Q1,Sunday,sewing,1,58.5,22.94,1582.0,3060,113,0,0.0,0,0.8,1.000402055,0.20040205499999986
3,2/1/2015,Q1,Sunday,finishing ,1,19.0,3.94,,2280,0,0,0.0,0,0.75,0.950438596,0.20043859600000002
4,2/1/2015,Q1,Sunday,sewing,3,57.0,22.52,1124.0,6840,100,0,0.0,0,0.8,0.950185965,0.15018596499999992
5,2/1/2015,Q1,Sunday,finishing ,2,10.0,3.94,,1200,0,0,0.0,0,0.8,0.912766667,0.11276666699999993
6,2/1/2015,Q1,Sunday,finishing ,7,18.0,3.94,,2160,0,0,0.0,0,0.7,0.892194444,0.19219444400000008
7,2/1/2015,Q1,Sunday,finishing ,10,10.0,3.94,,1200,0,0,0.0,0,0.8,0.8865,0.08649999999999991
8,2/1/2015,Q1,Sunday,sewing,10,56.0,22.52,1282.0,6720,75,0,0.0,0,0.8,0.850532143,0.050532142999999974
9,2/1/2015,Q1,Sunday,sewing,4,58.5,22.52,1472.0,7020,60,0,0.0,0,0.8,0.85011396,0.0501139599999999
10,2/1/2015,Q1,Sunday,finishing ,4,12.0,4.3,,1440,0,0,0.0,0,0.8,0.845069444,0.0450694439999999
11,2/1/2015,Q1,Sunday,sewing,9,58.0,29.12,1282.0,6960,45,0,0.0,0,0.75,0.750593103,0.0005931030000000392
12,2/1/2015,Q1,Sunday,sewing,12,35.0,15.26,1276.0,1440,45,0,0.0,0,0.75,0.750450658,0.0004506579999999927
13,2/1/2015,Q1,Sunday,finishing ,12,9.0,4.08,,1080,0,0,0.0,0,0.75,0.702666667,-0.04733333299999998
14,2/1/2015,Q1,Sunday,sewing,11,54.0,20.1,1192.0,6120,75,0,0.0,0,0.7,0.700508929,0.0005089289999999913
15,2/1/2015,Q1,Sunday,sewing,6,33.0,18.79,881.0,3960,26,0,0.0,0,0.65,0.651007071,0.0010070709999999705
16,2/1/2015,Q1,Sunday,sewing,8,55.0,24.26,1196.0,6600,0,0,0.0,0,0.6,0.466821212,-0.133178788
17,2/1/2015,Q1,Sunday,sewing,7,56.0,24.26,1400.0,6720,0,0,0.0,0,0.7,0.411553571,-0.28844642899999995
18,2/1/2015,Q1,Sunday,finishing ,6,10.0,2.9,,1200,0,0,0.0,0,0.6,0.314166667,-0.28583333299999997
19,2/2/2015,Q1,Monday,sewing,1,58.5,22.94,16882.0,7020,113,0,0.0,0,0.8,1.000602279,0.20060227899999994
20,2/2/2015,Q1,Monday,finishing ,9,8.0,3.94,,960,0,0,0.0,0,0.75,0.994270833,0.24427083299999997
21,2/2/2015,Q1,Monday,sewing,2,58.5,22.52,21385.0,7020,88,0,0.0,0,0.8,0.900158405,0.10015840499999995
22,2/2/2015,Q1,Monday,sewing,3,57.0,22.52,21266.0,6840,70,0,0.0,0,0.8,0.90014152,0.10014151999999998
23,2/2/2015,Q1,Monday,sewing,10,56.0,22.52,21540.0,6720,88,0,0.0,0,0.8,0.900129762,0.10012976200000001
24,2/2/2015,Q1,Monday,finishing ,10,10.0,3.94,,1200,0,0,0.0,0,0.8,0.85695,0.056949999999999945
25,2/2/2015,Q1,Monday,finishing ,4,12.0,4.3,,1440,0,0,0.0,0,0.8,0.809236111,0.009236110999999991
26,2/2/2015,Q1,Monday,sewing,12,35.0,15.26,12261.0,3600,63,0,0.0,0,0.8,0.800401961,0.00040196100000000623
27,2/2/2015,Q1,Monday,sewing,4,56.5,22.52,23122.0,5940,50,0,0.0,0,0.8,0.800393224,0.0003932239999999698
28,2/2/2015,Q1,Monday,sewing,9,58.0,29.12,8992.0,6960,55,0,0.0,0,0.75,0.799963218,0.04996321800000003
29,2/2/2015,Q1,Monday,finishing ,12,9.0,4.08,,1080,0,0,0.0,0,0.75,0.740444444,-0.00955555600000002
30,2/2/2015,Q1,Monday,sewing,11,54.0,20.55,9792.0,6480,60,0,0.0,0,0.7,0.700398148,0.0003981480000000426
31,2/2/2015,Q1,Monday,sewing,6,33.0,18.79,2984.0,3960,30,0,0.0,0,0.7,0.700354545,0.0003545450000000949
32,2/2/2015,Q1,Monday,finishing ,8,8.0,4.15,,960,0,0,0.0,0,0.65,0.561979167,-0.08802083300000008
33,2/2/2015,Q1,Monday,finishing ,1,19.0,3.94,,2280,0,0,0.0,0,0.75,0.504596491,-0.24540350899999996
34,2/2/2015,Q1,Monday,sewing,5,58.0,30.1,839.0,6960,0,0,0.0,0,0.5,0.500801724,0.0008017240000000037
35,2/2/2015,Q1,Monday,sewing,7,56.0,24.26,2698.0,6720,0,0,0.0,0,0.7,0.295307738,-0.40469226199999997
36,2/2/2015,Q1,Monday,finishing ,6,10.0,2.9,,1200,0,0,0.0,0,0.6,0.280333333,-0.31966666699999996
37,2/2/2015,Q1,Monday,sewing,8,55.0,24.26,1435.0,6600,0,0,0.0,0,0.65,0.260978788,-0.389021212
38,2/3/2015,Q1,Tuesday,finishing ,2,20.0,3.94,,2400,0,0,0.0,0,0.8,1.001416667,0.20141666699999994
39,2/3/2015,Q1,Tuesday,sewing,1,57.5,22.52,1500.0,6900,113,0,0.0,0,0.8,1.000018551,0.20001855099999988
40,2/3/2015,Q1,Tuesday,sewing,10,56.0,22.52,1188.0,6720,90,0,0.0,0,0.8,0.999995238,0.19999523799999996
41,2/3/2015,Q1,Tuesday,finishing ,1,10.0,3.94,,1200,0,0,0.0,0,0.8,0.99485,0.19484999999999997
42,2/3/2015,Q1,Tuesday,finishing ,8,8.0,4.15,,960,0,0,0.0,0,0.7,0.976979167,0.276979167
43,2/3/2015,Q1,Tuesday,sewing,3,57.0,22.52,1112.0,6840,100,0,0.0,0,0.8,0.950185965,0.15018596499999992
44,2/3/2015,Q1,Tuesday,sewing,2,58.0,22.52,1452.0,6960,100,0,0.0,0,0.8,0.949981609,0.1499816089999999
45,2/3/2015,Q1,Tuesday,finishing ,9,11.0,3.94,,1320,0,0,0.0,0,0.75,0.919954545,0.16995454499999996
46,2/3/2015,Q1,Tuesday,sewing,4,56.5,22.52,340.0,5460,63,0,0.0,0,0.8,0.800434622,0.0004346219999999956
47,2/3/2015,Q1,Tuesday,sewing,12,35.0,15.26,1029.0,2040,50,0,0.0,0,0.8,0.800259023,0.00025902299999991385
48,2/3/2015,Q1,Tuesday,finishing ,12,9.0,4.08,,1080,0,0,0.0,0,0.8,0.778222222,-0.021777778000000025
49,2/3/2015,Q1,Tuesday,sewing,9,58.0,29.12,1070.0,6960,34,0,0.0,0,0.75,0.750593103,0.0005931030000000392
50,2/3/2015,Q1,Tuesday,sewing,11,54.0,25.31,946.0,5760,60,0,0.0,0,0.7,0.700513566,0.0005135660000000764
51,2/3/2015,Q1,Tuesday,sewing,6,33.5,18.79,913.0,4020,30,0,0.0,0,0.7,0.700184577,0.0001845770000000746
52,2/3/2015,Q1,Tuesday,sewing,8,55.5,24.26,1363.0,6660,0,0,0.0,0,0.7,0.586465465,-0.11353453499999999
53,2/3/2015,Q1,Tuesday,sewing,7,56.0,24.26,1639.0,6720,0,0,0.0,0,0.7,0.541517857,-0.15848214299999996
54,2/3/2015,Q1,Tuesday,finishing ,4,12.0,4.3,,1440,0,0,0.0,0,0.8,0.5375,-0.26250000000000007
55,2/3/2015,Q1,Tuesday,finishing ,6,8.0,2.9,,960,0,0,0.0,0,0.7,0.495416667,-0.20458333299999998
56,2/3/2015,Q1,Tuesday,sewing,5,58.0,30.1,415.0,6960,0,0,0.0,0,0.6,0.415172414,-0.184827586
57,2/4/2015,Q1,Wednesday,sewing,2,57.5,22.52,1263.0,6900,100,0,0.0,0,0.8,1.05028058,0.25028057999999986
58,2/4/2015,Q1,Wednesday,sewing,3,57.0,22.52,968.0,6840,113,0,0.0,0,0.8,1.000230409,0.200230409
59,2/4/2015,Q1,Wednesday,sewing,10,56.0,22.52,1108.0,6720,113,0,0.0,0,0.8,0.999995238,0.19999523799999996
60,2/4/2015,Q1,Wednesday,finishing,2,18.0,3.94,,2160,0,0,0.0,0,0.8,0.966759259,0.166759259
61,2/4/2015,Q1,Wednesday,finishing,1,10.0,3.94,,1200,0,0,0.0,0,0.8,0.929183333,0.12918333299999996
62,2/4/2015,Q1,Wednesday,finishing,8,25.0,4.15,,3000,0,0,0.0,0,0.7,0.915766667,0.21576666700000002
63,2/4/2015,Q1,Wednesday,sewing,1,57.5,22.52,1532.0,6900,88,0,0.0,0,0.8,0.900147246,0.10014724599999991
64,2/4/2015,Q1,Wednesday,sewing,12,34.0,15.26,1094.0,4080,38,0,0.0,0,0.8,0.800401961,0.00040196100000000623
65,2/4/2015,Q1,Wednesday,sewing,9,58.0,22.52,1086.0,6960,50,0,0.0,0,0.8,0.799963218,-3.678200000001297e-05
66,2/4/2015,Q1,Wednesday,finishing,7,8.0,3.94,,960,0,0,0.0,0,0.7,0.779791667,0.07979166700000007
67,2/4/2015,Q1,Wednesday,finishing,9,8.0,3.94,,960,0,0,0.0,0,0.75,0.755166667,0.005166667000000014
68,2/4/2015,Q1,Wednesday,sewing,6,33.0,18.79,941.0,3360,30,0,0.0,0,0.7,0.700710417,0.0007104170000000742
69,2/4/2015,Q1,Wednesday,sewing,7,58.0,24.26,1471.0,6960,0,0,0.0,0,0.7,0.700612069,0.0006120689999999929
70,2/4/2015,Q1,Wednesday,sewing,11,53.0,10.05,1042.0,6120,60,0,0.0,0,0.7,0.700278846,0.00027884600000005477
71,2/4/2015,Q1,Wednesday,sewing,8,57.0,29.12,1248.0,6840,0,0,0.0,0,0.7,0.700135088,0.00013508800000006094
72,2/4/2015,Q1,Wednesday,finishing ,12,9.0,4.08,,1080,0,0,0.0,0,0.8,0.687555556,-0.11244444400000009
73,2/4/2015,Q1,Wednesday,sewing,5,58.5,30.1,326.0,5820,0,0,90.0,10,0.65,0.650834808,0.0008348080000000202
74,2/4/2015,Q1,Wednesday,finishing,6,8.0,2.9,,960,0,0,0.0,0,0.7,0.531666667,-0.16833333299999997
75,2/4/2015,Q1,Wednesday,sewing,4,55.5,30.1,287.0,6060,23,0,150.0,15,0.35,0.350706422,0.0007064220000000399
76,2/5/2015,Q1,Thursday,sewing,2,56.5,22.52,1300.0,6780,113,0,0.0,0,0.8,1.000446018,0.20044601800000006
77,2/5/2015,Q1,Thursday,sewing,1,57.5,22.52,1485.0,6900,113,0,0.0,0,0.8,1.000018551,0.20001855099999988
78,2/5/2015,Q1,Thursday,sewing,10,56.0,22.52,1039.0,6720,113,0,0.0,0,0.8,0.999995238,0.19999523799999996
79,2/5/2015,Q1,Thursday,finishing,2,22.0,3.94,,2640,0,0,0.0,0,0.8,0.999924242,0.19992424199999992
80,2/5/2015,Q1,Thursday,sewing,3,57.0,22.52,1063.0,6840,100,0,0.0,0,0.8,0.950185965,0.15018596499999992
81,2/5/2015,Q1,Thursday,finishing,6,8.0,2.9,,960,0,0,0.0,0,0.7,0.9425,0.24250000000000005
82,2/5/2015,Q1,Thursday,finishing,12,9.0,4.08,,1080,0,0,0.0,0,0.8,0.906666667,0.10666666699999994
83,2/5/2015,Q1,Thursday,finishing,7,10.0,3.94,,1200,0,0,0.0,0,0.7,0.8471,0.1471
84,2/5/2015,Q1,Thursday,finishing,1,12.0,3.94,,1440,0,0,0.0,0,0.8,0.845458333,0.045458332999999906
85,2/5/2015,Q1,Thursday,sewing,12,34.0,15.26,1083.0,720,38,0,0.0,0,0.8,0.800612676,0.0006126759999999232
86,2/5/2015,Q1,Thursday,sewing,9,58.0,29.12,1069.0,6960,50,0,0.0,0,0.8,0.799963218,-3.678200000001297e-05
87,2/5/2015,Q1,Thursday,finishing,10,8.0,3.94,,960,0,0,0.0,0,0.8,0.771583333,-0.028416667000000007
88,2/5/2015,Q1,Thursday,sewing,11,26.0,10.05,668.0,2520,34,0,0.0,0,0.75,0.7504,0.00039999999999995595
89,2/5/2015,Q1,Thursday,sewing,6,33.0,18.79,766.0,2760,30,0,0.0,0,0.7,0.700079032,7.903200000003441e-05
90,2/5/2015,Q1,Thursday,sewing,5,58.0,30.1,557.0,6960,0,0,0.0,0,0.7,0.562212644,-0.13778735599999992
91,2/5/2015,Q1,Thursday,sewing,7,58.0,24.26,1608.0,6960,0,0,0.0,0,0.07,0.522844828,0.452844828
92,2/5/2015,Q1,Thursday,sewing,4,53.0,30.1,417.0,6360,23,1,0.0,0,0.5,0.500720126,0.0007201260000000431
93,2/5/2015,Q1,Thursday,sewing,8,57.0,24.26,1167.0,6840,0,0,0.0,0,0.7,0.496549708,-0.20345029199999998
94,2/7/2015,Q1,Saturday,finishing,2,25.0,3.94,,3000,0,0,0.0,0,0.8,1.050666667,0.25066666699999995
95,2/7/2015,Q1,Saturday,sewing,2,58.0,22.52,1186.0,6900,113,0,0.0,0,0.8,1.000018551,0.20001855099999988
96,2/7/2015,Q1,Saturday,sewing,3,57.0,22.52,1060.0,6840,100,0,0.0,0,0.8,0.950185965,0.15018596499999992
97,2/7/2015,Q1,Saturday,sewing,1,57.0,22.52,1534.0,6780,88,0,0.0,0,0.8,0.900135693,0.10013569299999991
98,2/7/2015,Q1,Saturday,sewing,10,56.0,22.52,1142.0,6720,88,0,0.0,0,0.8,0.900129762,0.10012976200000001
99,2/7/2015,Q1,Saturday,finishing,12,9.0,4.08,,1080,0,0,0.0,0,0.8,0.899111111,0.09911111099999992
100,2/7/2015,Q1,Saturday,finishing,1,10.0,3.94,,1200,0,0,0.0,0,0.8,0.870083333,0.07008333299999991
101,2/7/2015,Q1,Saturday,finishing,6,8.0,2.9,,960,0,0,0.0,0,0.75,0.845833333,0.09583333299999997
102,2/7/2015,Q1,Saturday,sewing,12,34.0,15.26,1021.0,4080,63,0,0.0,0,0.8,0.800401961,0.00040196100000000623
103,2/7/2015,Q1,Saturday,sewing,9,58.0,29.12,829.0,6960,50,0,0.0,0,0.8,0.799963218,-3.678200000001297e-05
104,2/7/2015,Q1,Saturday,finishing,9,8.0,3.94,,960,0,0,0.0,0,0.8,0.771583333,-0.028416667000000007
105,2/7/2015,Q1,Saturday,sewing,6,33.0,18.79,813.0,1560,34,0,0.0,0,0.75,0.750520115,0.0005201150000000432
106,2/7/2015,Q1,Saturday,sewing,11,27.0,10.05,677.0,3240,45,0,0.0,0,0.75,0.750027778,2.777799999997832e-05
107,2/7/2015,Q1,Saturday,finishing,7,10.0,3.94,,1200,0,0,0.0,0,0.7,0.715766667,0.015766667000000067
108,2/7/2015,Q1,Saturday,sewing,7,58.0,24.26,658.0,6960,0,0,270.0,45,0.7,0.662270115,-0.03772988499999996
109,2/7/2015,Q1,Saturday,sewing,4,57.0,30.1,486.0,6780,30,1,0.0,0,0.6,0.600224189,0.00022418899999998576
110,2/7/2015,Q1,Saturday,sewing,5,59.0,30.1,687.0,7500,0,0,0.0,0,0.7,0.545657673,-0.15434232699999995
111,2/7/2015,Q1,Saturday,finishing,4,8.0,4.3,,960,0,0,0.0,0,0.8,0.447916667,-0.35208333300000005
112,2/7/2015,Q1,Saturday,sewing,8,57.0,24.26,652.0,6840,0,0,300.0,37,0.7,0.365318713,-0.33468128699999994
113,2/8/2015,Q2,Sunday,sewing,2,57.5,22.52,1233.0,6900,113,0,0.0,0,0.8,1.000018551,0.20001855099999988
114,2/8/2015,Q2,Sunday,finishing,7,12.0,4.15,,1440,0,0,0.0,0,0.7,0.928680556,0.22868055600000003
115,2/8/2015,Q2,Sunday,sewing,10,56.0,22.52,1388.0,6720,88,0,0.0,0,0.8,0.9008,0.1008
116,2/8/2015,Q2,Sunday,sewing,1,56.5,22.52,1615.0,6780,88,0,0.0,0,0.8,0.900135693,0.10013569299999991
117,2/8/2015,Q2,Sunday,sewing,3,56.0,22.52,1283.0,6720,88,0,0.0,0,0.8,0.900129762,0.10012976200000001
118,2/8/2015,Q2,Sunday,finishing,1,10.0,3.94,,1200,0,0,0.0,0,0.8,0.893066667,0.09306666699999999
119,2/8/2015,Q2,Sunday,finishing,12,9.0,4.08,,1080,0,0,0.0,0,0.8,0.891555556,0.09155555599999998
120,2/8/2015,Q2,Sunday,finishing,2,18.0,3.94,,2160,0,0,0.0,0,0.8,0.875555556,0.07555555599999997
121,2/8/2015,Q2,Sunday,finishing,8,15.0,4.15,,1800,0,0,0.0,0,0.7,0.840888889,0.14088888900000007
122,2/8/2015,Q2,Sunday,sewing,12,34.0,15.26,1026.0,2880,63,0,0.0,0,0.8,0.800355208,0.00035520799999999575
123,2/8/2015,Q2,Sunday,sewing,9,58.0,29.12,909.0,6960,50,0,0.0,0,0.8,0.799963218,-3.678200000001297e-05
124,2/8/2015,Q2,Sunday,sewing,6,33.0,18.79,670.0,3960,34,0,0.0,0,0.75,0.75065101,0.0006510100000000074
125,2/8/2015,Q2,Sunday,sewing,11,27.0,10.05,629.0,3240,45,0,0.0,0,0.75,0.750027778,2.777799999997832e-05
126,2/8/2015,Q2,Sunday,sewing,5,58.5,30.1,754.0,7020,0,0,0.0,0,0.7,0.700618234,0.0006182340000000508
127,2/8/2015,Q2,Sunday,finishing,6,8.0,2.9,,960,0,0,0.0,0,0.75,0.610208333,-0.139791667
128,2/8/2015,Q2,Sunday,finishing,9,8.0,3.94,,960,0,0,0.0,0,0.8,0.607416667,-0.19258333300000008
129,2/8/2015,Q2,Sunday,sewing,4,56.5,30.1,712.0,6780,44,1,0.0,0,0.65,0.568259587,-0.08174041300000001
130,2/8/2015,Q2,Sunday,sewing,7,58.0,24.26,148.0,6960,0,0,0.0,0,0.7,0.355534483,-0.34446551699999994
131,2/8/2015,Q2,Sunday,sewing,8,57.0,24.26,154.0,6840,0,0,0.0,0,0.7,0.353259649,-0.34674035099999995
132,2/9/2015,Q2,Monday,finishing,2,18.0,3.94,,2160,0,0,0.0,0,0.8,1.057962963,0.257962963
133,2/9/2015,Q2,Monday,finishing,1,10.0,3.94,,1200,0,0,0.0,0,0.8,0.962016667,0.16201666699999995
134,2/9/2015,Q2,Monday,sewing,10,56.0,22.52,1127.0,120,88,0,0.0,0,0.8,0.9008,0.1008
135,2/9/2015,Q2,Monday,sewing,1,57.0,22.52,1506.0,3600,70,0,0.0,0,0.8,0.900509044,0.10050904399999994
136,2/9/2015,Q2,Monday,sewing,2,57.0,22.52,1413.0,360,70,0,0.0,0,0.8,0.900477825,0.10047782499999991
137,2/9/2015,Q2,Monday,finishing,6,8.0,2.9,,960,0,0,0.0,0,0.75,0.888125,0.13812500000000005
138,2/9/2015,Q2,Monday,sewing,12,34.0,15.26,970.0,4080,63,0,0.0,0,0.8,0.800401961,0.00040196100000000623
139,2/9/2015,Q2,Monday,sewing,3,57.0,22.52,1271.0,5400,50,0,0.0,0,0.8,0.800161172,0.00016117199999998721
140,2/9/2015,Q2,Monday,sewing,9,58.0,29.12,1073.0,6960,50,0,0.0,0,0.8,0.799963218,-3.678200000001297e-05
141,2/9/2015,Q2,Monday,sewing,4,57.0,30.1,767.0,3300,50,1,0.0,0,0.7,0.790003236,0.09000323600000004
142,2/9/2015,Q2,Monday,sewing,11,54.0,10.05,103.0,0,45,0,0.0,0,0.75,0.750648148,0.000648148000000015
143,2/9/2015,Q2,Monday,finishing,8,15.0,4.15,,1800,0,0,0.0,0,0.35,0.707111111,0.35711111100000004
144,2/9/2015,Q2,Monday,sewing,5,58.0,30.1,773.0,7020,40,0,0.0,0,0.7,0.700618234,0.0006182340000000508
145,2/9/2015,Q2,Monday,finishing,9,8.0,3.94,,960,0,0,0.0,0,0.8,0.697708333,-0.10229166700000003
146,2/9/2015,Q2,Monday,sewing,6,34.0,18.79,708.0,4080,0,0,0.0,0,0.75,0.612517157,-0.13748284300000002
147,2/9/2015,Q2,Monday,sewing,7,58.0,30.1,842.0,6960,0,1,0.0,0,0.35,0.350301724,0.0003017240000000032
148,2/9/2015,Q2,Monday,sewing,8,58.0,30.1,901.0,6960,0,1,0.0,0,0.35,0.350301724,0.0003017240000000032
149,2/9/2015,Q2,Monday,finishing,12,9.0,4.08,,1080,0,0,0.0,0,0.8,0.272,-0.528
150,2/10/2015,Q2,Tuesday,finishing,12,9.0,4.08,,1080,0,0,0.0,0,0.8,1.004888889,0.20488888900000002
151,2/10/2015,Q2,Tuesday,finishing,2,18.0,3.94,,2160,0,0,0.0,0,0.8,0.966759259,0.166759259
152,2/10/2015,Q2,Tuesday,sewing,10,56.0,22.52,1268.0,0,88,0,0.0,0,0.8,0.90063244,0.10063243999999993
153,2/10/2015,Q2,Tuesday,sewing,1,57.0,22.52,1546.0,0,88,0,0.0,0,0.8,0.90047076,0.10047075999999999
154,2/10/2015,Q2,Tuesday,sewing,3,57.0,22.52,813.0,0,88,0,0.0,0,0.8,0.90047076,0.10047075999999999
155,2/10/2015,Q2,Tuesday,sewing,2,57.0,22.52,1512.0,0,88,0,0.0,0,0.8,0.899984058,0.09998405799999999
156,2/10/2015,Q2,Tuesday,finishing,1,12.0,3.94,,1440,0,0,0.0,0,0.8,0.853666667,0.053666667
157,2/10/2015,Q2,Tuesday,sewing,9,58.0,29.12,1263.0,2160,38,0,0.0,0,0.8,0.8008,0.0007999999999999119
158,2/10/2015,Q2,Tuesday,sewing,12,34.0,15.26,900.0,4080,50,0,0.0,0,0.8,0.800401961,0.00040196100000000623
159,2/10/2015,Q2,Tuesday,finishing,4,15.0,4.15,,1800,0,0,0.0,0,0.7,0.796755556,0.09675555600000008
160,2/10/2015,Q2,Tuesday,sewing,6,34.0,18.79,640.0,2400,0,0,0.0,0,0.75,0.750797009,0.0007970090000000152
161,2/10/2015,Q2,Tuesday,sewing,11,54.0,10.05,13.0,3240,34,0,0.0,0,0.8,0.750648148,-0.04935185200000003
162,2/10/2015,Q2,Tuesday,sewing,5,58.0,30.1,855.0,7020,45,0,0.0,0,0.75,0.750356125,0.00035612500000004044
163,2/10/2015,Q2,Tuesday,finishing,8,8.0,4.15,,960,0,0,0.0,0,0.35,0.703770833,0.353770833
164,2/10/2015,Q2,Tuesday,sewing,4,58.0,30.1,855.0,7020,40,1,0.0,0,0.7,0.700618234,0.0006182340000000508
165,2/10/2015,Q2,Tuesday,finishing,9,8.0,3.94,,960,0,0,0.0,0,0.8,0.6895,-0.11050000000000004
166,2/10/2015,Q2,Tuesday,finishing,6,8.0,2.9,,960,0,0,0.0,0,0.75,0.628333333,-0.12166666699999995
167,2/10/2015,Q2,Tuesday,sewing,7,58.0,30.1,1025.0,6960,23,1,0.0,0,0.5,0.500801724,0.0008017240000000037
168,2/10/2015,Q2,Tuesday,sewing,8,58.0,30.1,1061.0,6960,30,1,0.0,0,0.5,0.393548851,-0.10645114900000002
169,2/11/2015,Q2,Wednesday,finishing,4,15.0,4.15,,1800,0,0,0.0,0,0.7,1.033155556,0.33315555600000013
170,2/11/2015,Q2,Wednesday,finishing,12,9.0,4.08,,1080,0,0,0.0,0,0.8,1.02,0.21999999999999997
171,2/11/2015,Q2,Wednesday,sewing,2,57.5,22.52,1557.0,0,90,0,0.0,0,0.8,1.000344928,0.20034492800000003
172,2/11/2015,Q2,Wednesday,sewing,1,57.0,22.52,1498.0,0,113,0,0.0,0,0.8,1.000065789,0.20006578899999994
173,2/11/2015,Q2,Wednesday,finishing,8,12.0,4.15,,1440,0,0,0.0,0,0.35,0.994375,0.644375
174,2/11/2015,Q2,Wednesday,finishing,2,18.0,3.94,,2160,0,0,0.0,0,0.8,0.912037037,0.112037037
175,2/11/2015,Q2,Wednesday,finishing,5,2.0,4.15,,240,0,0,0.0,0,0.7,0.87,0.17000000000000004
176,2/11/2015,Q2,Wednesday,sewing,10,56.0,22.52,598.0,0,75,0,0.0,0,0.8,0.850364583,0.05036458299999991
177,2/11/2015,Q2,Wednesday,sewing,6,34.0,18.79,656.0,3480,38,0,0.0,0,0.8,0.800947475,0.0009474749999999199
178,2/11/2015,Q2,Wednesday,sewing,12,34.0,15.26,854.0,4080,50,0,0.0,0,0.8,0.800401961,0.00040196100000000623
179,2/11/2015,Q2,Wednesday,sewing,9,58.0,29.12,609.0,3240,50,0,0.0,0,0.8,0.800144144,0.0001441439999999572
180,2/11/2015,Q2,Wednesday,sewing,5,59.5,30.1,788.0,7380,56,0,0.0,0,0.75,0.750406233,0.0004062329999999781
181,2/11/2015,Q2,Wednesday,sewing,8,58.0,30.1,1069.0,4560,30,1,0.0,0,0.6,0.714410494,0.11441049400000003
182,2/11/2015,Q2,Wednesday,sewing,4,59.5,30.1,667.0,5940,40,1,0.0,0,0.7,0.700588406,0.0005884060000000968
183,2/11/2015,Q2,Wednesday,finishing,1,12.0,3.94,,1440,0,0,0.0,0,0.8,0.618361111,-0.18163888900000003
184,2/11/2015,Q2,Wednesday,sewing,7,58.0,30.1,829.0,3360,23,1,0.0,0,0.6,0.600070513,7.051300000004979e-05
185,2/11/2015,Q2,Wednesday,finishing,9,8.0,3.94,,960,0,0,0.0,0,0.8,0.54175,-0.2582500000000001
186,2/11/2015,Q2,Wednesday,sewing,3,57.0,22.52,11.0,6840,0,1,0.0,0,0.8,0.536901754,-0.2630982460000001
187,2/11/2015,Q2,Wednesday,sewing,11,52.0,11.41,434.0,3240,0,1,0.0,0,0.35,0.507903226,0.15790322600000006
188,2/12/2015,Q2,Thursday,sewing,1,57.0,22.52,1397.0,0,138,0,0.0,0,0.8,1.100483918,0.30048391799999985
189,2/12/2015,Q2,Thursday,finishing,4,15.0,4.15,,1800,0,0,0.0,0,0.7,1.096633333,0.39663333300000003
190,2/12/2015,Q2,Thursday,sewing,2,57.5,22.52,1327.0,0,113,0,0.0,0,0.8,1.000344928,0.20034492800000003
191,2/12/2015,Q2,Thursday,finishing,12,9.0,4.08,,1080,0,0,0.0,0,0.8,0.838666667,0.03866666699999999
192,2/12/2015,Q2,Thursday,sewing,12,34.0,15.26,894.0,4080,50,0,0.0,0,0.8,0.800401961,0.00040196100000000623
193,2/12/2015,Q2,Thursday,finishing,8,12.0,4.15,,1440,0,0,0.0,0,0.35,0.755486111,0.405486111
194,2/12/2015,Q2,Thursday,sewing,5,59.0,30.1,610.0,7080,56,0,0.0,0,0.75,0.750799435,0.000799435000000015
195,2/12/2015,Q2,Thursday,sewing,6,33.0,18.79,779.0,3960,0,0,0.0,0,0.8,0.688017677,-0.111982323
196,2/12/2015,Q2,Thursday,finishing,1,12.0,3.94,,1440,0,0,0.0,0,0.8,0.664875,-0.13512500000000005
197,2/12/2015,Q2,Thursday,finishing,9,8.0,3.94,,960,0,0,0.0,0,0.8,0.656666667,-0.14333333300000006
198,2/12/2015,Q2,Thursday,sewing,4,59.0,30.1,419.0,7080,0,1,0.0,0,0.7,0.637711864,-0.06228813599999994
199,2/12/2015,Q2,Thursday,finishing,2,18.0,3.94,,2160,0,0,0.0,0,0.8,0.601944444,-0.19805555600000002
200,2/12/2015,Q2,Thursday,finishing,5,2.0,4.15,,240,0,0,0.0,0,0.7,0.58,-0.12
201,2/12/2015,Q2,Thursday,sewing,7,59.0,30.1,909.0,7080,0,1,0.0,0,0.65,0.535677966,-0.11432203400000007
202,2/12/2015,Q2,Thursday,sewing,11,55.0,11.41,1039.0,2280,0,2,0.0,0,0.5,0.50012336,0.0001233600000000168
203,2/12/2015,Q2,Thursday,sewing,9,58.0,29.12,14.0,6960,0,0,0.0,0,0.8,0.497885057,-0.302114943
204,2/12/2015,Q2,Thursday,sewing,8,59.0,30.1,1193.0,7080,0,1,0.0,0,0.65,0.463403955,-0.18659604500000004
205,2/12/2015,Q2,Thursday,sewing,10,50.0,22.52,10.0,6000,0,0,0.0,0,0.8,0.441392,-0.35860800000000004
206,2/12/2015,Q2,Thursday,sewing,3,58.0,30.1,770.0,6960,0,1,0.0,0,0.35,0.350301724,0.0003017240000000032
207,2/14/2015,Q2,Saturday,sewing,1,57.0,22.52,1416.0,6840,113,0,0.0,0,0.8,1.000230409,0.200230409
208,2/14/2015,Q2,Saturday,finishing,7,15.0,4.15,,1800,0,0,0.0,0,0.7,0.929277778,0.22927777800000004
209,2/14/2015,Q2,Saturday,finishing,4,20.0,4.15,,2400,0,0,0.0,0,0.75,0.902916667,0.15291666699999995
210,2/14/2015,Q2,Saturday,finishing,12,9.0,4.08,,1080,0,0,0.0,0,0.8,0.800888889,0.0008888889999999483
211,2/14/2015,Q2,Saturday,sewing,12,34.0,15.26,942.0,4080,63,0,0.0,0,0.8,0.800401961,0.00040196100000000623
212,2/14/2015,Q2,Saturday,sewing,2,57.0,22.52,674.0,3660,63,0,0.0,0,0.8,0.80037492,0.0003749199999999453
213,2/14/2015,Q2,Saturday,finishing,1,12.0,3.94,,1440,0,0,0.0,0,0.8,0.796208333,-0.0037916669999999986
214,2/14/2015,Q2,Saturday,sewing,4,59.0,30.1,481.0,7140,0,1,0.0,0,0.75,0.750392157,0.0003921569999999486
215,2/14/2015,Q2,Saturday,sewing,5,59.0,30.1,664.0,7140,56,0,0.0,0,0.75,0.750392157,0.0003921569999999486
216,2/14/2015,Q2,Saturday,finishing,8,8.0,4.15,,960,0,0,0.0,0,0.7,0.725625,0.02562500000000001
217,2/14/2015,Q2,Saturday,sewing,8,60.0,30.1,824.0,5160,0,1,0.0,0,0.7,0.700206125,0.00020612500000005696
218,2/14/2015,Q2,Saturday,sewing,7,60.0,30.1,957.0,7200,0,1,0.0,0,0.7,0.602,-0.09799999999999998
219,2/14/2015,Q2,Saturday,sewing,11,55.0,11.41,1039.0,2280,23,2,0.0,0,0.6,0.600447507,0.00044750700000006916
220,2/14/2015,Q2,Saturday,sewing,6,34.0,18.79,822.0,4080,0,0,0.0,0,0.8,0.557252451,-0.24274754900000006
221,2/14/2015,Q2,Saturday,sewing,3,58.0,30.1,1261.0,6960,30,1,0.0,0,0.5,0.500801724,0.0008017240000000037
222,2/14/2015,Q2,Saturday,finishing,6,8.0,2.9,,960,0,0,0.0,0,0.8,0.483333333,-0.31666666700000007
223,2/14/2015,Q2,Saturday,finishing,9,8.0,3.94,,960,0,0,0.0,0,0.8,0.238041667,-0.561958333
224,2/15/2015,Q3,Sunday,finishing,1,8.0,3.94,,960,0,0,0.0,0,0.8,1.1204375,0.32043749999999993
225,2/15/2015,Q3,Sunday,finishing,2,8.0,3.94,,960,0,0,0.0,0,0.8,1.108125,0.308125
226,2/15/2015,Q3,Sunday,sewing,1,57.0,22.52,1420.0,6840,113,0,0.0,0,0.8,1.000230409,0.200230409
227,2/15/2015,Q3,Sunday,finishing,12,9.0,4.08,,1080,0,0,0.0,0,0.8,0.876444444,0.07644444399999994
228,2/15/2015,Q3,Sunday,sewing,12,34.0,15.26,1120.0,1440,50,0,0.0,0,0.8,0.800806306,0.0008063059999999789
229,2/15/2015,Q3,Sunday,finishing,5,2.0,4.15,,240,0,0,0.0,0,0.75,0.760833333,0.010833333
230,2/15/2015,Q3,Sunday,sewing,5,59.5,30.1,679.0,7140,0,0,0.0,0,0.8,0.722568627,-0.07743137300000003
231,2/15/2015,Q3,Sunday,finishing,11,10.0,2.9,,1200,0,0,0.0,0,0.6,0.715333333,0.11533333300000004
232,2/15/2015,Q3,Sunday,sewing,7,59.0,30.1,881.0,7080,0,1,0.0,0,0.7,0.700632768,0.0006327680000000058
233,2/15/2015,Q3,Sunday,sewing,8,59.0,30.1,507.0,5880,40,1,2.0,10,0.7,0.700573099,0.0005730990000000213
234,2/15/2015,Q3,Sunday,sewing,6,34.0,18.79,814.0,4080,0,0,0.0,0,0.75,0.681598039,-0.06840196099999996
235,2/15/2015,Q3,Sunday,sewing,11,53.0,11.41,700.0,2640,23,2,0.0,0,0.65,0.650223718,0.00022371799999998387
236,2/15/2015,Q3,Sunday,finishing,8,8.0,4.15,,960,0,0,0.0,0,0.7,0.605208333,-0.09479166699999997
237,2/15/2015,Q3,Sunday,finishing,6,8.0,2.9,,960,0,0,0.0,0,0.8,0.604166667,-0.19583333300000005
238,2/15/2015,Q3,Sunday,sewing,4,59.5,30.1,919.0,7140,0,1,0.0,0,0.75,0.598627451,-0.15137254899999997
239,2/15/2015,Q3,Sunday,sewing,3,58.0,30.1,1361.0,6960,30,1,0.0,0,0.6,0.475718391,-0.12428160899999996
240,2/15/2015,Q3,Sunday,sewing,2,57.5,22.52,12.0,6900,0,0,0.0,0,0.8,0.432122899,-0.36787710100000004
241,2/15/2015,Q3,Sunday,finishing,4,20.0,4.15,,2400,0,0,0.0,0,0.75,0.287041667,-0.462958333
242,2/15/2015,Q3,Sunday,sewing,9,54.0,18.79,1688.0,5280,0,1,0.0,0,0.5,0.283054487,-0.21694551299999998
243,2/16/2015,Q3,Monday,sewing,1,57.0,22.52,1422.0,6840,113,0,0.0,0,0.8,1.000230409,0.200230409
244,2/16/2015,Q3,Monday,finishing,9,10.0,3.94,,1200,0,0,0.0,0,0.8,0.960433333,0.16043333299999996
245,2/16/2015,Q3,Monday,finishing,12,9.0,4.08,,1080,0,0,0.0,0,0.8,0.891555556,0.09155555599999998
246,2/16/2015,Q3,Monday,finishing,3,8.0,4.15,,960,0,0,0.0,0,0.5,0.864583333,0.364583333
247,2/16/2015,Q3,Monday,sewing,3,58.0,30.1,1263.0,600,63,1,0.0,0,0.65,0.802243319,0.152243319
248,2/16/2015,Q3,Monday,sewing,5,59.0,30.1,461.0,0,0,0,0.0,0,0.8,0.800980392,0.0009803919999999966
249,2/16/2015,Q3,Monday,sewing,12,34.0,15.26,1079.0,3720,38,0,0.0,0,0.8,0.800312375,0.00031237499999992036
250,2/16/2015,Q3,Monday,finishing,6,8.0,2.9,,960,0,0,0.0,0,0.8,0.773333333,-0.02666666700000009
251,2/16/2015,Q3,Monday,sewing,6,33.0,18.79,895.0,3960,0,0,0.0,0,0.75,0.75065101,0.0006510100000000074
252,2/16/2015,Q3,Monday,sewing,4,58.0,30.1,912.0,7020,0,1,0.0,0,0.75,0.750356125,0.00035612500000004044
253,2/16/2015,Q3,Monday,finishing,4,15.0,4.15,,1800,0,0,0.0,0,0.75,0.722333333,-0.027666666999999978
254,2/16/2015,Q3,Monday,sewing,7,59.0,30.1,784.0,600,30,1,0.0,0,0.7,0.700459889,0.0004598890000000466
255,2/16/2015,Q3,Monday,finishing,5,10.0,4.15,,1200,0,0,0.0,0,0.75,0.629416667,-0.12058333300000001
256,2/16/2015,Q3,Monday,sewing,8,59.0,30.1,7.0,7080,27,2,2.0,10,0.7,0.621971751,-0.07802824899999994
257,2/16/2015,Q3,Monday,sewing,11,54.0,11.41,680.0,2160,30,2,0.0,0,0.7,0.565972222,-0.134027778
258,2/16/2015,Q3,Monday,sewing,10,44.0,18.22,1131.0,5280,0,1,0.0,0,0.6,0.35542803,-0.24457196999999997
259,2/16/2015,Q3,Monday,sewing,9,54.0,18.79,2103.0,5400,0,1,0.0,0,0.6,0.329964879,-0.270035121
260,2/16/2015,Q3,Monday,finishing,7,15.0,4.15,,1800,0,0,0.0,0,0.7,0.258,-0.44199999999999995
261,2/17/2015,Q3,Tuesday,sewing,1,57.0,22.52,1445.0,6840,113,0,0.0,0,0.8,1.000230409,0.200230409
262,2/17/2015,Q3,Tuesday,finishing,10,8.0,3.94,,960,0,0,0.0,0,0.8,0.927541667,0.12754166699999991
263,2/17/2015,Q3,Tuesday,finishing,7,10.0,5.13,,1200,0,0,0.0,0,0.7,0.91375,0.21375
264,2/17/2015,Q3,Tuesday,finishing,12,9.0,5.13,,1080,0,0,0.0,0,0.8,0.9025,0.10249999999999992
265,2/17/2015,Q3,Tuesday,sewing,12,34.0,15.26,1133.0,4080,38,0,0.0,0,0.8,0.800401961,0.00040196100000000623
266,2/17/2015,Q3,Tuesday,finishing,3,15.0,5.13,,1800,0,0,0.0,0,0.5,0.7866,0.28659999999999997
267,2/17/2015,Q3,Tuesday,sewing,6,33.0,18.79,726.0,3360,0,0,0.0,0,0.75,0.750621354,0.0006213539999999629
268,2/17/2015,Q3,Tuesday,sewing,4,58.0,30.1,849.0,7020,45,1,0.0,0,0.75,0.750356125,0.00035612500000004044
269,2/17/2015,Q3,Tuesday,finishing,6,8.0,2.9,,960,0,0,0.0,0,0.8,0.749166667,-0.050833333000000036
270,2/17/2015,Q3,Tuesday,sewing,7,59.0,30.1,562.0,840,30,1,0.0,0,0.7,0.700888203,0.0008882030000000318
271,2/17/2015,Q3,Tuesday,sewing,11,56.0,11.41,1054.0,3420,30,2,0.0,0,0.7,0.700614035,0.0006140350000000128
272,2/17/2015,Q3,Tuesday,sewing,3,58.0,30.1,1422.0,6960,50,1,0.0,0,0.7,0.700603448,0.0006034480000000064
273,2/17/2015,Q3,Tuesday,finishing,4,8.0,5.13,,960,0,0,0.0,0,0.75,0.656666667,-0.09333333300000002
274,2/17/2015,Q3,Tuesday,sewing,5,59.0,30.1,680.0,7140,0,0,0.0,0,0.8,0.653431373,-0.14656862700000006
275,2/17/2015,Q3,Tuesday,sewing,9,51.0,18.79,2120.0,5520,0,1,0.0,0,0.65,0.650134,0.00013399999999996748
276,2/17/2015,Q3,Tuesday,sewing,8,58.0,29.4,179.0,0,23,2,5.0,30,0.6,0.600982906,0.0009829060000000611
277,2/17/2015,Q3,Tuesday,finishing,9,8.0,3.94,,960,0,0,0.0,0,0.8,0.586041667,-0.213958333
278,2/17/2015,Q3,Tuesday,finishing,2,15.0,5.13,,1800,0,0,0.0,0,0.8,0.5814,-0.21860000000000002
279,2/17/2015,Q3,Tuesday,sewing,2,56.0,30.33,838.0,6720,0,1,0.0,0,0.5,0.361071429,-0.138928571
280,2/17/2015,Q3,Tuesday,sewing,10,49.0,18.22,741.0,0,0,1,8.0,35,0.65,0.302117347,-0.34788265300000004
281,2/18/2015,Q3,Wednesday,finishing,12,10.0,5.13,,1200,0,0,0.0,0,0.8,0.9918,0.19179999999999997
282,2/18/2015,Q3,Wednesday,finishing,6,12.0,2.9,,1440,0,0,0.0,0,0.8,0.936861111,0.13686111099999998
283,2/18/2015,Q3,Wednesday,finishing,2,12.0,5.13,,1440,0,0,0.0,0,0.8,0.919125,0.11912499999999993
284,2/18/2015,Q3,Wednesday,sewing,11,56.0,11.41,685.0,3360,30,2,0.0,0,0.7,0.8211125,0.12111250000000007
285,2/18/2015,Q3,Wednesday,sewing,4,58.0,30.1,864.0,480,50,1,0.0,0,0.8,0.800980392,0.0009803919999999966
286,2/18/2015,Q3,Wednesday,sewing,5,59.0,30.1,511.0,0,0,0,0.0,0,0.8,0.800980392,0.0009803919999999966
287,2/18/2015,Q3,Wednesday,sewing,12,34.0,15.26,1095.0,4080,63,0,0.0,0,0.8,0.800401961,0.00040196100000000623
288,2/18/2015,Q3,Wednesday,sewing,1,57.0,22.52,1374.0,3960,63,0,0.0,0,0.8,0.800279693,0.00027969299999996977
289,2/18/2015,Q3,Wednesday,sewing,6,33.0,18.79,759.0,3960,34,0,0.0,0,0.75,0.75065101,0.0006510100000000074
290,2/18/2015,Q3,Wednesday,sewing,7,59.0,30.1,553.0,2280,45,1,0.0,0,0.75,0.75053268,0.0005326799999999521
291,2/18/2015,Q3,Wednesday,finishing,4,8.0,5.13,,960,0,0,0.0,0,0.75,0.734645833,-0.01535416700000003
292,2/18/2015,Q3,Wednesday,sewing,3,58.0,30.1,1057.0,0,40,1,0.0,0,0.7,0.700603448,0.0006034480000000064
293,2/18/2015,Q3,Wednesday,sewing,9,51.0,18.79,1587.0,4560,30,1,0.0,0,0.7,0.70009573,9.573000000007159e-05
294,2/18/2015,Q3,Wednesday,finishing,7,8.0,5.13,,960,0,0,0.0,0,0.7,0.671875,-0.028124999999999956
295,2/18/2015,Q3,Wednesday,finishing,10,8.0,3.94,,960,0,0,0.0,0,0.8,0.64025,-0.15975000000000006
296,2/18/2015,Q3,Wednesday,finishing,8,8.0,5.13,,960,0,0,0.0,0,0.7,0.58,-0.12
297,2/18/2015,Q3,Wednesday,finishing,9,8.0,3.94,,960,0,0,0.0,0,0.8,0.549791667,-0.250208333
298,2/18/2015,Q3,Wednesday,sewing,2,57.0,30.33,868.0,6840,0,1,0.0,0,0.6,0.328131579,-0.27186842099999997
299,2/18/2015,Q3,Wednesday,sewing,10,47.0,19.68,1119.0,5640,0,1,8.0,35,0.7,0.303574468,-0.39642553199999997
300,2/18/2015,Q3,Wednesday,finishing,3,8.0,5.13,,960,0,0,0.0,0,0.5,0.2565,-0.2435
301,2/18/2015,Q3,Wednesday,sewing,8,57.0,29.4,962.0,4560,0,2,4.5,30,0.65,0.251399254,-0.398600746
302,2/19/2015,Q3,Thursday,finishing,3,12.0,5.13,,2880,0,0,0.0,0,0.5,0.81640625,0.31640625
303,2/19/2015,Q3,Thursday,sewing,12,34.0,15.26,1126.0,1080,38,0,0.0,0,0.8,0.800711494,0.0007114939999999237
304,2/19/2015,Q3,Thursday,sewing,1,57.0,22.52,265.0,3840,63,0,0.0,0,0.8,0.800470513,0.00047051300000000573
305,2/19/2015,Q3,Thursday,sewing,4,58.5,30.1,859.0,7020,63,1,0.0,0,0.8,0.800094017,9.40170000000018e-05
306,2/19/2015,Q3,Thursday,sewing,5,59.5,30.1,276.0,600,63,0,3.5,15,0.8,0.799982853,-1.714699999999514e-05
307,2/19/2015,Q3,Thursday,finishing,6,18.0,2.9,,4320,0,0,0.0,0,0.8,0.785864198,-0.014135802000000086
308,2/19/2015,Q3,Thursday,sewing,6,33.0,18.79,899.0,3960,56,0,0.0,0,0.75,0.75065101,0.0006510100000000074
309,2/19/2015,Q3,Thursday,finishing,10,10.0,3.94,,2400,0,0,0.0,0,0.8,0.733277778,-0.066722222
310,2/19/2015,Q3,Thursday,finishing,2,15.0,5.13,,3600,0,0,0.0,0,0.8,0.710125,-0.08987500000000004
311,2/19/2015,Q3,Thursday,sewing,3,58.0,30.1,247.0,6960,50,1,0.0,0,0.7,0.700603448,0.0006034480000000064
312,2/19/2015,Q3,Thursday,sewing,11,58.0,11.41,653.0,3480,30,2,0.0,0,0.7,0.700540441,0.0005404410000000581
313,2/19/2015,Q3,Thursday,sewing,8,57.0,29.4,1116.0,6240,0,2,0.0,0,0.7,0.7,0.0
314,2/19/2015,Q3,Thursday,finishing,4,8.0,5.13,,1920,0,0,0.0,0,0.75,0.684027778,-0.06597222199999997
315,2/19/2015,Q3,Thursday,finishing,8,8.0,5.13,,1920,0,0,0.0,0,0.7,0.672135417,-0.027864582999999943
316,2/19/2015,Q3,Thursday,sewing,9,51.0,18.79,1603.0,6120,30,1,0.0,0,0.7,0.638614379,-0.061385621
317,2/19/2015,Q3,Thursday,finishing,5,8.0,5.13,,1920,0,0,0.0,0,0.75,0.631354167,-0.11864583299999998
318,2/19/2015,Q3,Thursday,sewing,7,59.0,30.1,444.0,0,0,1,5.0,20,0.75,0.611140537,-0.13885946299999996
319,2/19/2015,Q3,Thursday,finishing,12,9.0,5.13,,2160,0,0,0.0,0,0.8,0.609583333,-0.19041666700000004
320,2/19/2015,Q3,Thursday,sewing,2,57.0,30.33,841.0,6840,0,1,0.0,0,0.65,0.585315789,-0.06468421099999999
321,2/19/2015,Q3,Thursday,sewing,10,48.0,19.68,1410.0,5760,0,1,0.0,0,0.7,0.249416667,-0.450583333
322,2/22/2015,Q4,Sunday,finishing,3,15.0,5.13,,1800,0,0,0.0,0,0.5,0.8721,0.3721
323,2/22/2015,Q4,Sunday,finishing,6,8.0,2.9,,960,0,0,0.0,0,0.8,0.8319375,0.03193749999999995
324,2/22/2015,Q4,Sunday,finishing,2,20.0,5.13,,4800,0,0,0.0,0,0.8,0.8300625,0.030062499999999992
325,2/22/2015,Q4,Sunday,finishing,11,12.0,2.9,,2880,0,0,0.0,0,0.6,0.805555556,0.20555555599999997
326,2/22/2015,Q4,Sunday,sewing,12,34.0,15.26,1103.0,4080,63,0,0.0,0,0.8,0.800401961,0.00040196100000000623
327,2/22/2015,Q4,Sunday,sewing,4,59.0,30.1,922.0,5820,63,1,0.0,0,0.8,0.80000295,2.9499999999460513e-06
328,2/22/2015,Q4,Sunday,finishing,12,10.0,5.13,,2400,0,0,0.0,0,0.8,0.78375,-0.016250000000000098
329,2/22/2015,Q4,Sunday,finishing,9,10.0,3.94,,2400,0,0,0.0,0,0.8,0.753525,-0.046475000000000044
330,2/22/2015,Q4,Sunday,sewing,6,33.0,18.79,1055.0,3960,45,0,0.0,0,0.75,0.75065101,0.0006510100000000074
331,2/22/2015,Q4,Sunday,finishing,1,12.0,3.94,,2880,0,0,0.0,0,0.8,0.727349537,-0.072650463
332,2/22/2015,Q4,Sunday,sewing,8,57.0,29.4,1146.0,6840,40,2,0.0,0,0.7,0.700614035,0.0006140350000000128
333,2/22/2015,Q4,Sunday,sewing,2,57.0,30.33,746.0,6840,0,1,0.0,0,0.7,0.700605263,0.000605263000000078
334,2/22/2015,Q4,Sunday,sewing,11,58.0,11.41,834.0,3480,0,2,0.0,0,0.75,0.672140805,-0.07785919500000005
335,2/22/2015,Q4,Sunday,sewing,9,57.0,18.79,1717.0,3240,30,1,0.0,0,0.7,0.627011183,-0.07298881699999993
336,2/22/2015,Q4,Sunday,sewing,3,58.0,30.1,1041.0,8160,33,2,0.0,0,0.7,0.626577778,-0.07342222199999993
337,2/22/2015,Q4,Sunday,sewing,10,50.0,21.25,1531.0,6000,0,1,0.0,0,0.7,0.456875,-0.24312499999999998
338,2/22/2015,Q4,Sunday,sewing,7,58.0,30.1,627.0,6960,0,1,3.5,20,0.75,0.393548851,-0.356451149
339,2/22/2015,Q4,Sunday,finishing,10,8.0,3.94,,960,0,0,0.0,0,0.8,0.385791667,-0.41420833300000004
340,2/22/2015,Q4,Sunday,sewing,5,60.0,30.1,450.0,5700,0,0,4.5,25,0.8,0.307501459,-0.49249854100000007
341,2/22/2015,Q4,Sunday,finishing,7,8.0,5.13,,960,0,0,0.0,0,0.7,0.283958333,-0.41604166699999995
342,2/23/2015,Q4,Monday,finishing,10,20.0,3.94,,2400,0,0,0.0,0,0.8,0.955791667,0.1557916669999999
343,2/23/2015,Q4,Monday,finishing,8,8.0,5.13,,960,0,0,0.0,0,0.7,0.930416667,0.23041666700000007
344,2/23/2015,Q4,Monday,finishing,12,9.0,5.13,,1080,0,0,0.0,0,0.8,0.9025,0.10249999999999992
345,2/23/2015,Q4,Monday,finishing,3,18.0,5.13,,2160,0,0,0.0,0,0.8,0.87115,0.07114999999999994
346,2/23/2015,Q4,Monday,sewing,12,34.0,15.26,1060.0,4080,63,0,0.0,0,0.8,0.800401961,0.00040196100000000623
347,2/23/2015,Q4,Monday,sewing,4,59.0,30.1,891.0,7140,38,1,0.0,0,0.8,0.800137255,0.00013725499999994728
348,2/23/2015,Q4,Monday,sewing,5,59.0,30.1,541.0,7140,38,0,0.0,0,0.8,0.800137255,0.00013725499999994728
349,2/23/2015,Q4,Monday,sewing,7,58.0,30.1,709.0,6960,45,1,0.0,0,0.75,0.750770115,0.0007701150000000156
350,2/23/2015,Q4,Monday,sewing,6,33.0,18.79,1100.0,3960,45,0,0.0,0,0.75,0.75065101,0.0006510100000000074
351,2/23/2015,Q4,Monday,sewing,11,58.0,11.41,826.0,2820,0,2,0.0,0,0.75,0.750293939,0.0002939389999999653
352,2/23/2015,Q4,Monday,sewing,2,58.0,30.33,577.0,2160,30,1,0.0,0,0.7,0.700623,0.0006230000000000402
353,2/23/2015,Q4,Monday,sewing,8,57.0,29.4,1094.0,6840,40,2,0.0,0,0.7,0.700614035,0.0006140350000000128
354,2/23/2015,Q4,Monday,sewing,3,58.0,29.4,1228.0,6960,30,2,0.0,0,0.7,0.700362069,0.0003620690000000204
355,2/23/2015,Q4,Monday,sewing,9,50.0,18.79,1641.0,6000,40,1,0.0,0,0.7,0.60128,-0.09871999999999992
356,2/23/2015,Q4,Monday,sewing,10,50.0,21.25,1583.0,6000,0,1,0.0,0,0.7,0.417916667,-0.28208333299999994
357,2/23/2015,Q4,Monday,finishing,6,8.0,2.9,,960,0,0,0.0,0,0.8,0.3715625,-0.4284375
358,2/23/2015,Q4,Monday,finishing,9,8.0,2.9,,960,0,0,0.0,0,0.8,0.3715625,-0.4284375
359,2/23/2015,Q4,Monday,finishing,2,8.0,5.13,,960,0,0,0.0,0,0.8,0.36871875,-0.43128125000000006
360,2/23/2015,Q4,Monday,finishing,7,8.0,5.13,,960,0,0,0.0,0,0.7,0.356458333,-0.34354166699999994
361,2/24/2015,Q4,Tuesday,finishing,10,15.0,2.9,,1800,0,0,0.0,0,0.7,0.902222222,0.20222222200000006
362,2/24/2015,Q4,Tuesday,finishing,3,12.0,4.6,,1440,0,0,0.0,0,0.8,0.811388889,0.011388888999999902
363,2/24/2015,Q4,Tuesday,sewing,12,34.0,15.26,1062.0,4080,50,0,0.0,0,0.8,0.800401961,0.00040196100000000623
364,2/24/2015,Q4,Tuesday,sewing,5,60.0,30.1,450.0,7140,50,0,0.0,0,0.8,0.800137255,0.00013725499999994728
365,2/24/2015,Q4,Tuesday,sewing,4,59.0,30.1,901.0,6480,50,1,0.0,0,0.8,0.800071839,7.183899999996246e-05
366,2/24/2015,Q4,Tuesday,finishing,8,8.0,4.6,,960,0,0,0.0,0,0.7,0.791458333,0.09145833300000006
367,2/24/2015,Q4,Tuesday,sewing,7,59.0,30.1,739.0,5640,45,1,0.0,0,0.75,0.750727326,0.0007273260000000281
368,2/24/2015,Q4,Tuesday,sewing,6,33.0,18.79,913.0,3360,45,0,0.0,0,0.75,0.75065101,0.0006510100000000074
369,2/24/2015,Q4,Tuesday,sewing,11,57.0,11.61,698.0,3360,34,2,0.0,0,0.75,0.750437269,0.0004372689999999624
370,2/24/2015,Q4,Tuesday,sewing,3,60.0,29.4,1172.0,5340,45,2,0.0,0,0.75,0.750176991,0.00017699100000001522
371,2/24/2015,Q4,Tuesday,finishing,6,15.0,2.9,,1800,0,0,0.0,0,0.75,0.726933333,-0.02306666700000004
372,2/24/2015,Q4,Tuesday,finishing,9,15.0,2.9,,1800,0,0,0.0,0,0.7,0.726933333,0.026933333000000004
373,2/24/2015,Q4,Tuesday,sewing,2,59.0,30.33,408.0,1680,30,1,0.0,0,0.7,0.700623,0.0006230000000000402
374,2/24/2015,Q4,Tuesday,sewing,8,58.0,29.4,1079.0,4560,40,2,0.0,0,0.7,0.700518519,0.0005185189999999951
375,2/24/2015,Q4,Tuesday,sewing,9,52.0,18.79,1068.0,3000,30,1,0.0,0,0.7,0.700256795,0.00025679500000008737
376,2/24/2015,Q4,Tuesday,finishing,11,8.0,2.9,,960,0,0,0.0,0,0.7,0.5046875,-0.1953125
377,2/24/2015,Q4,Tuesday,sewing,10,53.0,21.25,1834.0,6360,0,1,0.0,0,0.7,0.471108491,-0.22889150899999994
378,2/24/2015,Q4,Tuesday,finishing,2,8.0,3.9,,960,0,0,0.0,0,0.7,0.325,-0.37499999999999994
379,2/24/2015,Q4,Tuesday,sewing,1,42.0,22.53,708.0,5040,0,1,0.0,0,0.6,0.268214286,-0.33178571399999995
380,2/25/2015,Q4,Wednesday,sewing,9,52.0,18.79,1085.0,6240,56,1,0.0,0,0.75,0.970816667,0.22081666700000002
381,2/25/2015,Q4,Wednesday,finishing,5,9.0,4.6,,1080,0,0,0.0,0,0.8,0.902962963,0.10296296299999996
382,2/25/2015,Q4,Wednesday,finishing,3,20.0,4.6,,2400,0,0,0.0,0,0.8,0.900833333,0.10083333299999997
383,2/25/2015,Q4,Wednesday,finishing,12,15.0,4.6,,1800,0,0,0.0,0,0.8,0.899555556,0.09955555599999999
384,2/25/2015,Q4,Wednesday,finishing,10,10.0,2.9,,1200,0,0,0.0,0,0.7,0.845833333,0.145833333
385,2/25/2015,Q4,Wednesday,sewing,4,59.0,30.1,323.0,4080,50,1,0.0,0,0.8,0.800808642,0.0008086419999999706
386,2/25/2015,Q4,Wednesday,sewing,12,34.0,15.26,1053.0,4080,50,0,0.0,0,0.8,0.800401961,0.00040196100000000623
387,2/25/2015,Q4,Wednesday,sewing,7,59.0,30.1,786.0,7080,50,2,0.0,0,0.8,0.800115819,0.00011581899999990597
388,2/25/2015,Q4,Wednesday,sewing,6,33.0,18.79,1003.0,3960,45,1,0.0,0,0.75,0.75065101,0.0006510100000000074
389,2/25/2015,Q4,Wednesday,sewing,11,57.0,11.61,635.0,3360,45,0,0.0,0,0.75,0.750503571,0.0005035709999999805
390,2/25/2015,Q4,Wednesday,sewing,3,58.0,29.4,1283.0,6960,45,2,0.0,0,0.75,0.750206897,0.00020689699999998368
391,2/25/2015,Q4,Wednesday,sewing,8,58.0,29.4,847.0,6960,30,1,0.0,0,0.7,0.700362069,0.0003620690000000204
392,2/25/2015,Q4,Wednesday,sewing,2,58.0,30.33,361.0,3960,30,1,0.0,0,0.7,0.700069811,6.981100000003071e-05
393,2/25/2015,Q4,Wednesday,sewing,10,52.0,21.82,1653.0,6240,0,2,0.0,0,0.7,0.700058333,5.8333000000021507e-05
394,2/25/2015,Q4,Wednesday,finishing,7,8.0,4.6,,960,0,0,0.0,0,0.75,0.676666667,-0.073333333
395,2/25/2015,Q4,Wednesday,finishing,8,8.0,4.6,,960,0,0,0.0,0,0.7,0.658541667,-0.0414583329999999
396,2/25/2015,Q4,Wednesday,sewing,5,59.0,30.1,15.0,1200,49,1,0.0,0,0.8,0.598792339,-0.2012076610000001
397,2/25/2015,Q4,Wednesday,sewing,1,42.0,22.53,762.0,5040,0,1,0.0,0,0.65,0.581130952,-0.06886904800000004
398,2/25/2015,Q4,Wednesday,finishing,2,8.0,3.9,,960,0,0,0.0,0,0.7,0.440375,-0.25962499999999994
399,2/25/2015,Q4,Wednesday,finishing,6,8.0,2.9,,960,0,0,0.0,0,0.75,0.410833333,-0.339166667
400,2/25/2015,Q4,Wednesday,finishing,9,8.0,2.9,,960,0,0,0.0,0,0.7,0.410833333,-0.28916666699999993
401,2/26/2015,Q4,Thursday,finishing,3,15.0,4.6,,6300,0,0,0.0,0,0.8,0.921703704,0.12170370399999997
402,2/26/2015,Q4,Thursday,finishing,5,18.0,4.6,,7560,0,0,0.0,0,0.8,0.921604938,0.12160493799999994
403,2/26/2015,Q4,Thursday,sewing,7,59.0,30.1,694.0,4080,50,1,0.0,0,0.8,0.800808642,0.0008086419999999706
404,2/26/2015,Q4,Thursday,sewing,11,57.0,11.61,816.0,2820,50,2,0.0,0,0.8,0.800516667,0.0005166669999999707
405,2/26/2015,Q4,Thursday,sewing,12,34.0,15.26,1065.0,4080,63,0,0.0,0,0.8,0.800401961,0.00040196100000000623
406,2/26/2015,Q4,Thursday,finishing,1,8.0,3.94,,3360,0,0,0.0,0,0.5,0.768847222,0.268847222
407,2/26/2015,Q4,Thursday,sewing,6,33.0,18.79,912.0,3960,45,0,0.0,0,0.75,0.75065101,0.0006510100000000074
408,2/26/2015,Q4,Thursday,sewing,3,57.0,29.4,1244.0,6840,45,2,0.0,0,0.75,0.750473684,0.00047368400000002975
409,2/26/2015,Q4,Thursday,sewing,9,52.0,18.79,1020.0,5640,45,1,0.0,0,0.75,0.750371895,0.00037189500000001097
410,2/26/2015,Q4,Thursday,sewing,8,58.0,29.4,916.0,6960,56,2,0.0,0,0.75,0.750206897,0.00020689699999998368
411,2/26/2015,Q4,Thursday,sewing,10,52.0,21.82,1591.0,3240,0,1,0.0,0,0.7,0.700251773,0.0002517730000000107
412,2/26/2015,Q4,Thursday,sewing,2,58.0,30.33,398.0,6960,0,1,0.0,0,0.7,0.66237931,-0.0376206899999999
413,2/26/2015,Q4,Thursday,finishing,12,9.0,4.6,,3780,0,0,0.0,0,0.8,0.590617284,-0.20938271600000002
414,2/26/2015,Q4,Thursday,finishing,2,8.0,3.9,,960,0,0,0.0,0,0.7,0.5565625,-0.1434375
415,2/26/2015,Q4,Thursday,sewing,4,59.0,30.1,437.0,7080,32,2,0.0,0,0.8,0.495617514,-0.30438248600000006
416,2/26/2015,Q4,Thursday,sewing,5,57.0,27.48,413.0,6840,38,1,0.0,0,0.35,0.449964912,0.09996491200000002
417,2/26/2015,Q4,Thursday,finishing,10,8.0,2.9,,3360,0,0,0.0,0,0.7,0.410833333,-0.28916666699999993
418,2/26/2015,Q4,Thursday,finishing,9,8.0,2.9,,960,0,0,0.0,0,0.75,0.4078125,-0.3421875
419,2/26/2015,Q4,Thursday,sewing,1,55.0,26.66,1164.0,6600,23,2,0.0,0,0.35,0.378895152,0.028895152000000035
420,2/26/2015,Q4,Thursday,finishing,8,8.0,4.6,,3360,0,0,0.0,0,0.75,0.376597222,-0.373402778
421,2/26/2015,Q4,Thursday,finishing,6,8.0,2.9,,3360,0,0,0.0,0,0.75,0.271875,-0.478125
422,2/28/2015,Q4,Saturday,finishing,3,15.0,4.6,,6300,0,0,0.0,0,0.8,0.921703704,0.12170370399999997
423,2/28/2015,Q4,Saturday,finishing,5,18.0,4.6,,7560,0,0,0.0,0,0.8,0.921604938,0.12160493799999994
424,2/28/2015,Q4,Saturday,sewing,11,58.0,11.61,954.0,0,50,2,0.0,0,0.8,0.800779018,0.0007790179999999092
425,2/28/2015,Q4,Saturday,sewing,12,34.0,15.26,1194.0,1700,62,0,0.0,0,0.8,0.800260821,0.00026082099999991115
426,2/28/2015,Q4,Saturday,sewing,7,59.0,30.1,644.0,840,38,1,0.0,0,0.8,0.799982853,-1.714699999999514e-05
427,2/28/2015,Q4,Saturday,finishing,1,8.0,3.94,,3360,0,0,0.0,0,0.5,0.768847222,0.268847222
428,2/28/2015,Q4,Saturday,sewing,3,57.0,29.4,1144.0,4440,45,2,0.0,0,0.75,0.750716981,0.0007169809999999499
429,2/28/2015,Q4,Saturday,sewing,6,33.0,18.79,1012.0,3960,45,0,0.0,0,0.75,0.75065101,0.0006510100000000074
430,2/28/2015,Q4,Saturday,sewing,8,58.0,29.4,792.0,4560,56,2,0.0,0,0.75,0.750425926,0.0004259260000000209
431,2/28/2015,Q4,Saturday,sewing,9,52.0,18.79,841.0,6240,45,1,0.0,0,0.75,0.750395513,0.0003955129999999585
432,2/28/2015,Q4,Saturday,sewing,10,51.0,21.82,1448.0,6120,40,1,0.0,0,0.7,0.700236601,0.00023660100000000295
433,2/28/2015,Q4,Saturday,sewing,2,58.0,30.33,512.0,4560,0,1,0.0,0,0.7,0.700211111,0.00021111100000004157
434,2/28/2015,Q4,Saturday,finishing,12,9.0,4.6,,3780,0,0,0.0,0,0.8,0.590617284,-0.20938271600000002
435,2/28/2015,Q4,Saturday,finishing,2,8.0,3.9,,960,0,0,0.0,0,0.7,0.5565625,-0.1434375
436,2/28/2015,Q4,Saturday,sewing,5,57.0,27.48,609.0,6840,30,1,0.0,0,0.5,0.550403509,0.05040350900000001
437,2/28/2015,Q4,Saturday,sewing,1,57.0,26.66,1448.0,6840,30,2,0.0,0,0.5,0.550349708,0.05034970800000005
438,2/28/2015,Q4,Saturday,sewing,4,58.0,26.66,556.0,6960,23,2,0.0,0,0.5,0.500258046,0.00025804600000001177
439,2/28/2015,Q4,Saturday,finishing,10,8.0,2.9,,3360,0,0,0.0,0,0.7,0.410833333,-0.28916666699999993
440,2/28/2015,Q4,Saturday,finishing,9,8.0,2.9,,960,0,0,0.0,0,0.75,0.4078125,-0.3421875
441,2/28/2015,Q4,Saturday,finishing,8,8.0,4.6,,3360,0,0,0.0,0,0.75,0.376597222,-0.373402778
442,2/28/2015,Q4,Saturday,finishing,6,8.0,2.9,,3360,0,0,0.0,0,0.75,0.271875,-0.478125
